iso_code,continent,location,date,total_cases,new_cases,new_cases_smoothed,total_deaths,new_deaths,new_deaths_smoothed,total_cases_per_million,new_cases_per_million,new_cases_smoothed_per_million,total_deaths_per_million,new_deaths_per_million,new_deaths_smoothed_per_million,new_tests,total_tests,total_tests_per_thousand,new_tests_per_thousand,new_tests_smoothed,new_tests_smoothed_per_thousand,tests_per_case,positive_rate,tests_units,stringency_index,population,population_density,median_age,aged_65_older,aged_70_older,gdp_per_capita,extreme_poverty,cardiovasc_death_rate,diabetes_prevalence,female_smokers,male_smokers,handwashing_facilities,hospital_beds_per_thousand,life_expectancy,human_development_index
USA,North America,United States,12/31/2019,0,0,,0,0,,0,0,,0,0,,,,,,,,,,,,331002647,35.608,38.3,15.413,9.732,54225.446,1.2,151.089,10.79,19.1,24.6,,2.77,78.86,0.924
USA,North America,United States,1/1/2020,0,0,,0,0,,0,0,,0,0,,,,,,,,,,,0,331002647,35.608,38.3,15.413,9.732,54225.446,1.2,151.089,10.79,19.1,24.6,,2.77,78.86,0.924
USA,North America,United States,1/2/2020,0,0,,0,0,,0,0,,0,0,,,,,,,,,,,0,331002647,35.608,38.3,15.413,9.732,54225.446,1.2,151.089,10.79,19.1,24.6,,2.77,78.86,0.924
USA,North America,United States,1/3/2020,0,0,,0,0,,0,0,,0,0,,,,,,,,,,,0,331002647,35.608,38.3,15.413,9.732,54225.446,1.2,151.089,10.79,19.1,24.6,,2.77,78.86,0.924
USA,North America,United States,1/4/2020,0,0,,0,0,,0,0,,0,0,,,,,,,,,,,0,331002647,35.608,38.3,15.413,9.732,54225.446,1.2,151.089,10.79,19.1,24.6,,2.77,78.86,0.924
USA,North America,United States,1/5/2020,0,0,,0,0,,0,0,,0,0,,,,,,,,,,,0,331002647,35.608,38.3,15.413,9.732,54225.446,1.2,151.089,10.79,19.1,24.6,,2.77,78.86,0.924
USA,North America,United States,1/6/2020,0,0,0,0,0,0,0,0,0,0,0,0,,,,,,,,,,0,331002647,35.608,38.3,15.413,9.732,54225.446,1.2,151.089,10.79,19.1,24.6,,2.77,78.86,0.924
USA,North America,United States,1/7/2020,0,0,0,0,0,0,0,0,0,0,0,0,,,,,,,,,,0,331002647,35.608,38.3,15.413,9.732,54225.446,1.2,151.089,10.79,19.1,24.6,,2.77,78.86,0.924
USA,North America,United States,1/8/2020,0,0,0,0,0,0,0,0,0,0,0,0,,,,,,,,,,0,331002647,35.608,38.3,15.413,9.732,54225.446,1.2,151.089,10.79,19.1,24.6,,2.77,78.86,0.924
USA,North America,United States,1/9/2020,0,0,0,0,0,0,0,0,0,0,0,0,,,,,,,,,,0,331002647,35.608,38.3,15.413,9.732,54225.446,1.2,151.089,10.79,19.1,24.6,,2.77,78.86,0.924
USA,North America,United States,1/10/2020,0,0,0,0,0,0,0,0,0,0,0,0,,,,,,,,,,0,331002647,35.608,38.3,15.413,9.732,54225.446,1.2,151.089,10.79,19.1,24.6,,2.77,78.86,0.924
USA,North America,United States,1/11/2020,0,0,0,0,0,0,0,0,0,0,0,0,,,,,,,,,,0,331002647,35.608,38.3,15.413,9.732,54225.446,1.2,151.089,10.79,19.1,24.6,,2.77,78.86,0.924
USA,North America,United States,1/12/2020,0,0,0,0,0,0,0,0,0,0,0,0,,,,,,,,,,0,331002647,35.608,38.3,15.413,9.732,54225.446,1.2,151.089,10.79,19.1,24.6,,2.77,78.86,0.924
USA,North America,United States,1/13/2020,0,0,0,0,0,0,0,0,0,0,0,0,,,,,,,,,,0,331002647,35.608,38.3,15.413,9.732,54225.446,1.2,151.089,10.79,19.1,24.6,,2.77,78.86,0.924
USA,North America,United States,1/14/2020,0,0,0,0,0,0,0,0,0,0,0,0,,,,,,,,,,0,331002647,35.608,38.3,15.413,9.732,54225.446,1.2,151.089,10.79,19.1,24.6,,2.77,78.86,0.924
USA,North America,United States,1/15/2020,0,0,0,0,0,0,0,0,0,0,0,0,,,,,,,,,,0,331002647,35.608,38.3,15.413,9.732,54225.446,1.2,151.089,10.79,19.1,24.6,,2.77,78.86,0.924
USA,North America,United States,1/16/2020,0,0,0,0,0,0,0,0,0,0,0,0,,,,,,,,,,0,331002647,35.608,38.3,15.413,9.732,54225.446,1.2,151.089,10.79,19.1,24.6,,2.77,78.86,0.924
USA,North America,United States,1/17/2020,0,0,0,0,0,0,0,0,0,0,0,0,,,,,,,,,,0,331002647,35.608,38.3,15.413,9.732,54225.446,1.2,151.089,10.79,19.1,24.6,,2.77,78.86,0.924
USA,North America,United States,1/18/2020,0,0,0,0,0,0,0,0,0,0,0,0,,,,,,,,,,0,331002647,35.608,38.3,15.413,9.732,54225.446,1.2,151.089,10.79,19.1,24.6,,2.77,78.86,0.924
USA,North America,United States,1/19/2020,0,0,0,0,0,0,0,0,0,0,0,0,,,,,,,,,,0,331002647,35.608,38.3,15.413,9.732,54225.446,1.2,151.089,10.79,19.1,24.6,,2.77,78.86,0.924
USA,North America,United States,1/20/2020,0,0,0,0,0,0,0,0,0,0,0,0,,,,,,,,,,0,331002647,35.608,38.3,15.413,9.732,54225.446,1.2,151.089,10.79,19.1,24.6,,2.77,78.86,0.924
USA,North America,United States,1/21/2020,1,1,0.143,0,0,0,0.003,0.003,0,0,0,0,,,,,,,,,,0,331002647,35.608,38.3,15.413,9.732,54225.446,1.2,151.089,10.79,19.1,24.6,,2.77,78.86,0.924
USA,North America,United States,1/22/2020,1,0,0.143,0,0,0,0.003,0,0,0,0,0,,,,,,,,,,0,331002647,35.608,38.3,15.413,9.732,54225.446,1.2,151.089,10.79,19.1,24.6,,2.77,78.86,0.924
USA,North America,United States,1/23/2020,1,0,0.143,0,0,0,0.003,0,0,0,0,0,,,,,,,,,,0,331002647,35.608,38.3,15.413,9.732,54225.446,1.2,151.089,10.79,19.1,24.6,,2.77,78.86,0.924
USA,North America,United States,1/24/2020,1,0,0.143,0,0,0,0.003,0,0,0,0,0,,,,,,,,,,0,331002647,35.608,38.3,15.413,9.732,54225.446,1.2,151.089,10.79,19.1,24.6,,2.77,78.86,0.924
USA,North America,United States,1/25/2020,2,1,0.286,0,0,0,0.006,0.003,0.001,0,0,0,,,,,,,,,,0,331002647,35.608,38.3,15.413,9.732,54225.446,1.2,151.089,10.79,19.1,24.6,,2.77,78.86,0.924
USA,North America,United States,1/26/2020,2,0,0.286,0,0,0,0.006,0,0.001,0,0,0,,,,,,,,,,0,331002647,35.608,38.3,15.413,9.732,54225.446,1.2,151.089,10.79,19.1,24.6,,2.77,78.86,0.924
USA,North America,United States,1/27/2020,5,3,0.714,0,0,0,0.015,0.009,0.002,0,0,0,,,,,,,,,,0,331002647,35.608,38.3,15.413,9.732,54225.446,1.2,151.089,10.79,19.1,24.6,,2.77,78.86,0.924
USA,North America,United States,1/28/2020,5,0,0.571,0,0,0,0.015,0,0.002,0,0,0,,,,,,,,,,0,331002647,35.608,38.3,15.413,9.732,54225.446,1.2,151.089,10.79,19.1,24.6,,2.77,78.86,0.924
USA,North America,United States,1/29/2020,5,0,0.571,0,0,0,0.015,0,0.002,0,0,0,,,,,,,,,,0,331002647,35.608,38.3,15.413,9.732,54225.446,1.2,151.089,10.79,19.1,24.6,,2.77,78.86,0.924
USA,North America,United States,1/30/2020,5,0,0.571,0,0,0,0.015,0,0.002,0,0,0,,,,,,,,,,0,331002647,35.608,38.3,15.413,9.732,54225.446,1.2,151.089,10.79,19.1,24.6,,2.77,78.86,0.924
USA,North America,United States,1/31/2020,6,1,0.714,0,0,0,0.018,0.003,0.002,0,0,0,,,,,,,,,,0,331002647,35.608,38.3,15.413,9.732,54225.446,1.2,151.089,10.79,19.1,24.6,,2.77,78.86,0.924
USA,North America,United States,2/1/2020,7,1,0.714,0,0,0,0.021,0.003,0.002,0,0,0,,,,,,,,,,0,331002647,35.608,38.3,15.413,9.732,54225.446,1.2,151.089,10.79,19.1,24.6,,2.77,78.86,0.924
USA,North America,United States,2/2/2020,8,1,0.857,0,0,0,0.024,0.003,0.003,0,0,0,,,,,,,,,,5.56,331002647,35.608,38.3,15.413,9.732,54225.446,1.2,151.089,10.79,19.1,24.6,,2.77,78.86,0.924
USA,North America,United States,2/3/2020,11,3,0.857,0,0,0,0.033,0.009,0.003,0,0,0,,,,,,,,,,5.56,331002647,35.608,38.3,15.413,9.732,54225.446,1.2,151.089,10.79,19.1,24.6,,2.77,78.86,0.924
USA,North America,United States,2/4/2020,11,0,0.857,0,0,0,0.033,0,0.003,0,0,0,,,,,,,,,,5.56,331002647,35.608,38.3,15.413,9.732,54225.446,1.2,151.089,10.79,19.1,24.6,,2.77,78.86,0.924
USA,North America,United States,2/5/2020,11,0,0.857,0,0,0,0.033,0,0.003,0,0,0,,,,,,,,,,5.56,331002647,35.608,38.3,15.413,9.732,54225.446,1.2,151.089,10.79,19.1,24.6,,2.77,78.86,0.924
USA,North America,United States,2/6/2020,12,1,1,0,0,0,0.036,0.003,0.003,0,0,0,,,,,,,,,,5.56,331002647,35.608,38.3,15.413,9.732,54225.446,1.2,151.089,10.79,19.1,24.6,,2.77,78.86,0.924
USA,North America,United States,2/7/2020,12,0,0.857,0,0,0,0.036,0,0.003,0,0,0,,,,,,,,,,5.56,331002647,35.608,38.3,15.413,9.732,54225.446,1.2,151.089,10.79,19.1,24.6,,2.77,78.86,0.924
USA,North America,United States,2/8/2020,12,0,0.714,0,0,0,0.036,0,0.002,0,0,0,,,,,,,,,,5.56,331002647,35.608,38.3,15.413,9.732,54225.446,1.2,151.089,10.79,19.1,24.6,,2.77,78.86,0.924
USA,North America,United States,2/9/2020,12,0,0.571,0,0,0,0.036,0,0.002,0,0,0,,,,,,,,,,5.56,331002647,35.608,38.3,15.413,9.732,54225.446,1.2,151.089,10.79,19.1,24.6,,2.77,78.86,0.924
USA,North America,United States,2/10/2020,12,0,0.143,0,0,0,0.036,0,0,0,0,0,,,,,,,,,,5.56,331002647,35.608,38.3,15.413,9.732,54225.446,1.2,151.089,10.79,19.1,24.6,,2.77,78.86,0.924
USA,North America,United States,2/11/2020,13,1,0.286,0,0,0,0.039,0.003,0.001,0,0,0,,,,,,,,,,5.56,331002647,35.608,38.3,15.413,9.732,54225.446,1.2,151.089,10.79,19.1,24.6,,2.77,78.86,0.924
USA,North America,United States,2/12/2020,13,0,0.286,0,0,0,0.039,0,0.001,0,0,0,,,,,,,,,,5.56,331002647,35.608,38.3,15.413,9.732,54225.446,1.2,151.089,10.79,19.1,24.6,,2.77,78.86,0.924
USA,North America,United States,2/13/2020,14,1,0.286,0,0,0,0.042,0.003,0.001,0,0,0,,,,,,,,,,5.56,331002647,35.608,38.3,15.413,9.732,54225.446,1.2,151.089,10.79,19.1,24.6,,2.77,78.86,0.924
USA,North America,United States,2/14/2020,15,1,0.429,0,0,0,0.045,0.003,0.001,0,0,0,,,,,,,,,,5.56,331002647,35.608,38.3,15.413,9.732,54225.446,1.2,151.089,10.79,19.1,24.6,,2.77,78.86,0.924
USA,North America,United States,2/15/2020,15,0,0.429,0,0,0,0.045,0,0.001,0,0,0,,,,,,,,,,5.56,331002647,35.608,38.3,15.413,9.732,54225.446,1.2,151.089,10.79,19.1,24.6,,2.77,78.86,0.924
USA,North America,United States,2/16/2020,15,0,0.429,0,0,0,0.045,0,0.001,0,0,0,,,,,,,,,,5.56,331002647,35.608,38.3,15.413,9.732,54225.446,1.2,151.089,10.79,19.1,24.6,,2.77,78.86,0.924
USA,North America,United States,2/17/2020,15,0,0.429,0,0,0,0.045,0,0.001,0,0,0,,,,,,,,,,5.56,331002647,35.608,38.3,15.413,9.732,54225.446,1.2,151.089,10.79,19.1,24.6,,2.77,78.86,0.924
USA,North America,United States,2/18/2020,15,0,0.286,0,0,0,0.045,0,0.001,0,0,0,,,,,,,,,,5.56,331002647,35.608,38.3,15.413,9.732,54225.446,1.2,151.089,10.79,19.1,24.6,,2.77,78.86,0.924
USA,North America,United States,2/19/2020,15,0,0.286,0,0,0,0.045,0,0.001,0,0,0,,,,,,,,,,5.56,331002647,35.608,38.3,15.413,9.732,54225.446,1.2,151.089,10.79,19.1,24.6,,2.77,78.86,0.924
USA,North America,United States,2/20/2020,15,0,0.143,0,0,0,0.045,0,0,0,0,0,,,,,,,,,,5.56,331002647,35.608,38.3,15.413,9.732,54225.446,1.2,151.089,10.79,19.1,24.6,,2.77,78.86,0.924
USA,North America,United States,2/21/2020,16,1,0.143,0,0,0,0.048,0.003,0,0,0,0,,,,,,,,,,5.56,331002647,35.608,38.3,15.413,9.732,54225.446,1.2,151.089,10.79,19.1,24.6,,2.77,78.86,0.924
USA,North America,United States,2/22/2020,35,19,2.857,0,0,0,0.106,0.057,0.009,0,0,0,,,,,,,,,,5.56,331002647,35.608,38.3,15.413,9.732,54225.446,1.2,151.089,10.79,19.1,24.6,,2.77,78.86,0.924
USA,North America,United States,2/23/2020,35,0,2.857,0,0,0,0.106,0,0.009,0,0,0,,,,,,,,,,5.56,331002647,35.608,38.3,15.413,9.732,54225.446,1.2,151.089,10.79,19.1,24.6,,2.77,78.86,0.924
USA,North America,United States,2/24/2020,35,0,2.857,0,0,0,0.106,0,0.009,0,0,0,,,,,,,,,,5.56,331002647,35.608,38.3,15.413,9.732,54225.446,1.2,151.089,10.79,19.1,24.6,,2.77,78.86,0.924
USA,North America,United States,2/25/2020,53,18,5.429,0,0,0,0.16,0.054,0.016,0,0,0,,,,,,,,,,5.56,331002647,35.608,38.3,15.413,9.732,54225.446,1.2,151.089,10.79,19.1,24.6,,2.77,78.86,0.924
USA,North America,United States,2/26/2020,53,0,5.429,0,0,0,0.16,0,0.016,0,0,0,,,,,,,,,,5.56,331002647,35.608,38.3,15.413,9.732,54225.446,1.2,151.089,10.79,19.1,24.6,,2.77,78.86,0.924
USA,North America,United States,2/27/2020,59,6,6.286,0,0,0,0.178,0.018,0.019,0,0,0,,,,,,,,,,5.56,331002647,35.608,38.3,15.413,9.732,54225.446,1.2,151.089,10.79,19.1,24.6,,2.77,78.86,0.924
USA,North America,United States,2/28/2020,60,1,6.286,0,0,0,0.181,0.003,0.019,0,0,0,,,,,,,,,,5.56,331002647,35.608,38.3,15.413,9.732,54225.446,1.2,151.089,10.79,19.1,24.6,,2.77,78.86,0.924
USA,North America,United States,2/29/2020,66,6,4.429,0,0,0,0.199,0.018,0.013,0,0,0,,,,,,,,,,5.56,331002647,35.608,38.3,15.413,9.732,54225.446,1.2,151.089,10.79,19.1,24.6,,2.77,78.86,0.924
USA,North America,United States,3/1/2020,69,3,4.857,1,1,0.143,0.208,0.009,0.015,0.003,0.003,0,132,132,0,0,,,,,tests performed,8.33,331002647,35.608,38.3,15.413,9.732,54225.446,1.2,151.089,10.79,19.1,24.6,,2.77,78.86,0.924
USA,North America,United States,3/2/2020,89,20,7.714,2,1,0.286,0.269,0.06,0.023,0.006,0.003,0.001,342,474,0.001,0.001,,,,,tests performed,11.11,331002647,35.608,38.3,15.413,9.732,54225.446,1.2,151.089,10.79,19.1,24.6,,2.77,78.86,0.924
USA,North America,United States,3/3/2020,103,14,7.143,6,4,0.857,0.311,0.042,0.022,0.018,0.012,0.003,756,1230,0.004,0.002,,,,,tests performed,11.11,331002647,35.608,38.3,15.413,9.732,54225.446,1.2,151.089,10.79,19.1,24.6,,2.77,78.86,0.924
USA,North America,United States,3/4/2020,125,22,10.286,9,3,1.286,0.378,0.066,0.031,0.027,0.009,0.004,855,2085,0.006,0.003,,,,,tests performed,11.11,331002647,35.608,38.3,15.413,9.732,54225.446,1.2,151.089,10.79,19.1,24.6,,2.77,78.86,0.924
USA,North America,United States,3/5/2020,159,34,14.286,11,2,1.571,0.48,0.103,0.043,0.033,0.006,0.005,1123,3208,0.01,0.003,,,,,tests performed,20.37,331002647,35.608,38.3,15.413,9.732,54225.446,1.2,151.089,10.79,19.1,24.6,,2.77,78.86,0.924
USA,North America,United States,3/6/2020,233,74,24.714,12,1,1.714,0.704,0.224,0.075,0.036,0.003,0.005,1389,4597,0.014,0.004,,,,,tests performed,20.37,331002647,35.608,38.3,15.413,9.732,54225.446,1.2,151.089,10.79,19.1,24.6,,2.77,78.86,0.924
USA,North America,United States,3/7/2020,338,105,38.857,14,2,2,1.021,0.317,0.117,0.042,0.006,0.006,1388,5985,0.018,0.004,,,,,tests performed,20.37,331002647,35.608,38.3,15.413,9.732,54225.446,1.2,151.089,10.79,19.1,24.6,,2.77,78.86,0.924
USA,North America,United States,3/8/2020,433,95,52,17,3,2.286,1.308,0.287,0.157,0.051,0.009,0.007,1414,7399,0.022,0.004,1038,0.003,19.962,0.05,tests performed,20.37,331002647,35.608,38.3,15.413,9.732,54225.446,1.2,151.089,10.79,19.1,24.6,,2.77,78.86,0.924
USA,North America,United States,3/9/2020,554,121,66.429,21,4,2.714,1.674,0.366,0.201,0.063,0.012,0.008,2077,9476,0.029,0.006,1286,0.004,19.359,0.052,tests performed,20.37,331002647,35.608,38.3,15.413,9.732,54225.446,1.2,151.089,10.79,19.1,24.6,,2.77,78.86,0.924
USA,North America,United States,3/10/2020,754,200,93,26,5,2.857,2.278,0.604,0.281,0.079,0.015,0.009,2683,12159,0.037,0.008,1561,0.005,16.785,0.06,tests performed,20.37,331002647,35.608,38.3,15.413,9.732,54225.446,1.2,151.089,10.79,19.1,24.6,,2.77,78.86,0.924
USA,North America,United States,3/11/2020,1025,271,128.571,28,2,2.714,3.097,0.819,0.388,0.085,0.006,0.008,3860,16019,0.048,0.012,1991,0.006,15.486,0.065,tests performed,21.76,331002647,35.608,38.3,15.413,9.732,54225.446,1.2,151.089,10.79,19.1,24.6,,2.77,78.86,0.924
USA,North America,United States,3/12/2020,1312,287,164.714,30,2,2.714,3.964,0.867,0.498,0.091,0.006,0.008,7041,23060,0.07,0.021,2836,0.009,17.218,0.058,tests performed,30.09,331002647,35.608,38.3,15.413,9.732,54225.446,1.2,151.089,10.79,19.1,24.6,,2.77,78.86,0.924
USA,North America,United States,3/13/2020,1663,351,204.286,40,10,4,5.024,1.06,0.617,0.121,0.03,0.012,9983,33043,0.1,0.03,4064,0.012,19.894,0.05,tests performed,30.09,331002647,35.608,38.3,15.413,9.732,54225.446,1.2,151.089,10.79,19.1,24.6,,2.77,78.86,0.924
USA,North America,United States,3/14/2020,2174,511,262.286,47,7,4.714,6.568,1.544,0.792,0.142,0.021,0.014,10578,43621,0.132,0.032,5377,0.016,20.501,0.049,tests performed,35.65,331002647,35.608,38.3,15.413,9.732,54225.446,1.2,151.089,10.79,19.1,24.6,,2.77,78.86,0.924
USA,North America,United States,3/15/2020,2951,777,359.714,57,10,5.714,8.915,2.347,1.087,0.172,0.03,0.017,11987,55608,0.168,0.036,6887,0.021,19.146,0.052,tests performed,41.2,331002647,35.608,38.3,15.413,9.732,54225.446,1.2,151.089,10.79,19.1,24.6,,2.77,78.86,0.924
USA,North America,United States,3/16/2020,3774,823,460,69,12,6.857,11.402,2.486,1.39,0.208,0.036,0.021,23005,78613,0.237,0.07,9877,0.03,21.472,0.047,tests performed,52.31,331002647,35.608,38.3,15.413,9.732,54225.446,1.2,151.089,10.79,19.1,24.6,,2.77,78.86,0.924
USA,North America,United States,3/17/2020,4661,887,558.143,85,16,8.429,14.081,2.68,1.686,0.257,0.048,0.025,36225,114838,0.347,0.109,14668,0.044,26.28,0.038,tests performed,55.09,331002647,35.608,38.3,15.413,9.732,54225.446,1.2,151.089,10.79,19.1,24.6,,2.77,78.86,0.924
USA,North America,United States,3/18/2020,6427,1766,771.714,108,23,11.429,19.417,5.335,2.331,0.326,0.069,0.035,46985,161823,0.489,0.142,20829,0.063,26.991,0.037,tests performed,55.09,331002647,35.608,38.3,15.413,9.732,54225.446,1.2,151.089,10.79,19.1,24.6,,2.77,78.86,0.924
USA,North America,United States,3/19/2020,9415,2988,1157.571,150,42,17.143,28.444,9.027,3.497,0.453,0.127,0.052,56648,218471,0.66,0.171,27916,0.084,24.116,0.041,tests performed,67.13,331002647,35.608,38.3,15.413,9.732,54225.446,1.2,151.089,10.79,19.1,24.6,,2.77,78.86,0.924
USA,North America,United States,3/20/2020,14250,4835,1798.143,150,0,15.714,43.051,14.607,5.432,0.453,0,0.047,68310,286781,0.866,0.206,36248,0.11,20.159,0.05,tests performed,67.13,331002647,35.608,38.3,15.413,9.732,54225.446,1.2,151.089,10.79,19.1,24.6,,2.77,78.86,0.924
USA,North America,United States,3/21/2020,19624,5374,2492.857,260,110,30.429,59.287,16.236,7.531,0.785,0.332,0.092,68667,355448,1.074,0.207,44547,0.135,17.87,0.056,tests performed,72.69,331002647,35.608,38.3,15.413,9.732,54225.446,1.2,151.089,10.79,19.1,24.6,,2.77,78.86,0.924
USA,North America,United States,3/22/2020,26747,7123,3399.429,340,80,40.429,80.806,21.519,10.27,1.027,0.242,0.122,63239,418687,1.265,0.191,51868,0.157,15.258,0.066,tests performed,72.69,331002647,35.608,38.3,15.413,9.732,54225.446,1.2,151.089,10.79,19.1,24.6,,2.77,78.86,0.924
USA,North America,United States,3/23/2020,35206,8459,4490.286,471,131,57.429,106.362,25.556,13.566,1.423,0.396,0.173,71189,489876,1.48,0.215,58752,0.177,13.084,0.076,tests performed,72.69,331002647,35.608,38.3,15.413,9.732,54225.446,1.2,151.089,10.79,19.1,24.6,,2.77,78.86,0.924
USA,North America,United States,3/24/2020,46442,11236,5968.714,590,119,72.143,140.307,33.945,18.032,1.782,0.36,0.218,92273,582149,1.759,0.279,66759,0.202,11.185,0.089,tests performed,72.69,331002647,35.608,38.3,15.413,9.732,54225.446,1.2,151.089,10.79,19.1,24.6,,2.77,78.86,0.924
USA,North America,United States,3/25/2020,55231,8789,6972,801,211,99,166.86,26.553,21.063,2.42,0.637,0.299,101345,683494,2.065,0.306,74524,0.225,10.689,0.094,tests performed,72.69,331002647,35.608,38.3,15.413,9.732,54225.446,1.2,151.089,10.79,19.1,24.6,,2.77,78.86,0.924
USA,North America,United States,3/26/2020,69194,13963,8539.857,1050,249,128.571,209.044,42.184,25.8,3.172,0.752,0.388,113250,796744,2.407,0.342,82610,0.25,9.673,0.103,tests performed,72.69,331002647,35.608,38.3,15.413,9.732,54225.446,1.2,151.089,10.79,19.1,24.6,,2.77,78.86,0.924
USA,North America,United States,3/27/2020,85991,16797,10248.714,1296,246,163.714,259.789,50.746,30.963,3.915,0.743,0.495,118903,915647,2.766,0.359,89838,0.271,8.766,0.114,tests performed,72.69,331002647,35.608,38.3,15.413,9.732,54225.446,1.2,151.089,10.79,19.1,24.6,,2.77,78.86,0.924
USA,North America,United States,3/28/2020,104686,18695,12151.714,1707,411,206.714,316.269,56.48,36.712,5.157,1.242,0.625,107999,1023646,3.093,0.326,95457,0.288,7.855,0.127,tests performed,72.69,331002647,35.608,38.3,15.413,9.732,54225.446,1.2,151.089,10.79,19.1,24.6,,2.77,78.86,0.924
USA,North America,United States,3/29/2020,124665,19979,13988.286,2191,484,264.429,376.628,60.359,42.26,6.619,1.462,0.799,98599,1122245,3.39,0.298,100508,0.304,7.185,0.139,tests performed,72.69,331002647,35.608,38.3,15.413,9.732,54225.446,1.2,151.089,10.79,19.1,24.6,,2.77,78.86,0.924
USA,North America,United States,3/30/2020,143025,18360,15402.714,2509,318,291.143,432.096,55.468,46.534,7.58,0.961,0.88,108865,1231110,3.719,0.329,105891,0.32,6.875,0.145,tests performed,72.69,331002647,35.608,38.3,15.413,9.732,54225.446,1.2,151.089,10.79,19.1,24.6,,2.77,78.86,0.924
USA,North America,United States,3/31/2020,164620,21595,16882.571,3170,661,368.571,497.337,65.241,51.004,9.577,1.997,1.113,126878,1357988,4.103,0.383,110834,0.335,6.565,0.152,tests performed,72.69,331002647,35.608,38.3,15.413,9.732,54225.446,1.2,151.089,10.79,19.1,24.6,,2.77,78.86,0.924
USA,North America,United States,4/1/2020,189618,24998,19198.143,4079,909,468.286,572.859,75.522,58,12.323,2.746,1.415,134800,1492788,4.51,0.407,115613,0.349,6.022,0.166,tests performed,72.69,331002647,35.608,38.3,15.413,9.732,54225.446,1.2,151.089,10.79,19.1,24.6,,2.77,78.86,0.924
USA,North America,United States,4/2/2020,216721,27103,21075.286,5138,1059,584,654.741,81.882,63.671,15.523,3.199,1.764,141374,1634162,4.937,0.427,119631,0.361,5.676,0.176,tests performed,72.69,331002647,35.608,38.3,15.413,9.732,54225.446,1.2,151.089,10.79,19.1,24.6,,2.77,78.86,0.924
USA,North America,United States,4/3/2020,245540,28819,22792.714,6053,915,679.571,741.807,87.066,68.86,18.287,2.764,2.053,150354,1784516,5.391,0.454,124124,0.375,5.446,0.184,tests performed,72.69,331002647,35.608,38.3,15.413,9.732,54225.446,1.2,151.089,10.79,19.1,24.6,,2.77,78.86,0.924
USA,North America,United States,4/4/2020,277965,32425,24754.143,7157,1104,778.571,839.767,97.96,74.785,21.622,3.335,2.352,134778,1919294,5.798,0.407,127950,0.387,5.169,0.193,tests performed,72.69,331002647,35.608,38.3,15.413,9.732,54225.446,1.2,151.089,10.79,19.1,24.6,,2.77,78.86,0.924
USA,North America,United States,4/5/2020,312237,34272,26796,8501,1344,901.429,943.307,103.54,80.954,25.683,4.06,2.723,128491,2047785,6.187,0.388,132220,0.399,4.934,0.203,tests performed,72.69,331002647,35.608,38.3,15.413,9.732,54225.446,1.2,151.089,10.79,19.1,24.6,,2.77,78.86,0.924
USA,North America,United States,4/6/2020,337635,25398,27801.429,9647,1146,1019.714,1020.037,76.731,83.992,29.145,3.462,3.081,130945,2178730,6.582,0.396,135374,0.409,4.869,0.205,tests performed,72.69,331002647,35.608,38.3,15.413,9.732,54225.446,1.2,151.089,10.79,19.1,24.6,,2.77,78.86,0.924
USA,North America,United States,4/7/2020,368196,30561,29082.286,10989,1342,1117,1112.366,92.329,87.861,33.199,4.054,3.375,150816,2329546,7.038,0.456,138794,0.419,4.772,0.21,tests performed,72.69,331002647,35.608,38.3,15.413,9.732,54225.446,1.2,151.089,10.79,19.1,24.6,,2.77,78.86,0.924
USA,North America,United States,4/8/2020,398809,30613,29884.429,12895,1906,1259.429,1204.851,92.486,90.285,38.957,5.758,3.805,346095,2675641,8.083,1.046,168979,0.511,5.654,0.177,tests performed,72.69,331002647,35.608,38.3,15.413,9.732,54225.446,1.2,151.089,10.79,19.1,24.6,,2.77,78.86,0.924
USA,North America,United States,4/9/2020,432132,33323,30773,14817,1922,1382.714,1305.524,100.673,92.969,44.764,5.807,4.177,166235,2841876,8.586,0.502,172531,0.521,5.607,0.178,tests performed,72.69,331002647,35.608,38.3,15.413,9.732,54225.446,1.2,151.089,10.79,19.1,24.6,,2.77,78.86,0.924
USA,North America,United States,4/10/2020,466033,33901,31499,16690,1873,1519.571,1407.943,102.419,95.162,50.423,5.659,4.591,172796,3014672,9.108,0.522,175737,0.531,5.579,0.179,tests performed,72.69,331002647,35.608,38.3,15.413,9.732,54225.446,1.2,151.089,10.79,19.1,24.6,,2.77,78.86,0.924
USA,North America,United States,4/11/2020,501560,35527,31942.143,18777,2087,1660,1515.275,107.331,96.501,56.728,6.305,5.015,206652,3221324,9.732,0.624,186004,0.562,5.823,0.172,tests performed,72.69,331002647,35.608,38.3,15.413,9.732,54225.446,1.2,151.089,10.79,19.1,24.6,,2.77,78.86,0.924
USA,North America,United States,4/12/2020,529951,28391,31102,20608,1831,1729.571,1601.048,85.773,93.963,62.259,5.532,5.225,119665,3340989,10.094,0.362,184743,0.558,5.94,0.168,tests performed,72.69,331002647,35.608,38.3,15.413,9.732,54225.446,1.2,151.089,10.79,19.1,24.6,,2.77,78.86,0.924
USA,North America,United States,4/13/2020,557571,27620,31419.429,22108,1500,1780.143,1684.491,83.443,94.922,66.791,4.532,5.378,108542,3449531,10.421,0.328,181543,0.548,5.778,0.173,tests performed,72.69,331002647,35.608,38.3,15.413,9.732,54225.446,1.2,151.089,10.79,19.1,24.6,,2.77,78.86,0.924
USA,North America,United States,4/14/2020,582594,25023,30628.286,23649,1541,1808.571,1760.089,75.598,92.532,71.447,4.656,5.464,149153,3598684,10.872,0.451,181305,0.548,5.92,0.169,tests performed,72.69,331002647,35.608,38.3,15.413,9.732,54225.446,1.2,151.089,10.79,19.1,24.6,,2.77,78.86,0.924
USA,North America,United States,4/15/2020,609516,26922,30101,26057,2408,1880.286,1841.423,81.335,90.939,78.721,7.275,5.681,180528,3779212,11.417,0.545,157653,0.476,5.237,0.191,tests performed,72.69,331002647,35.608,38.3,15.413,9.732,54225.446,1.2,151.089,10.79,19.1,24.6,,2.77,78.86,0.924
USA,North America,United States,4/16/2020,639664,30148,29647.429,30985,4928,2309.714,1932.504,91.081,89.569,93.61,14.888,6.978,177544,3956756,11.954,0.536,159269,0.481,5.372,0.186,tests performed,72.69,331002647,35.608,38.3,15.413,9.732,54225.446,1.2,151.089,10.79,19.1,24.6,,2.77,78.86,0.924
USA,North America,United States,4/17/2020,671331,31667,29328.286,33284,2299,2370.571,2028.174,95.67,88.604,100.555,6.946,7.162,176130,4132886,12.486,0.532,159745,0.483,5.447,0.184,tests performed,72.69,331002647,35.608,38.3,15.413,9.732,54225.446,1.2,151.089,10.79,19.1,24.6,,2.77,78.86,0.924
USA,North America,United States,4/18/2020,702164,30833,28657.714,37054,3770,2611,2121.324,93.15,86.579,111.945,11.39,7.888,174378,4307264,13.013,0.527,155134,0.469,5.413,0.185,tests performed,72.69,331002647,35.608,38.3,15.413,9.732,54225.446,1.2,151.089,10.79,19.1,24.6,,2.77,78.86,0.924
USA,North America,United States,4/19/2020,735086,32922,29305,38910,1856,2614.571,2220.786,99.461,88.534,117.552,5.607,7.899,133900,4441164,13.417,0.405,157168,0.475,5.363,0.186,tests performed,72.69,331002647,35.608,38.3,15.413,9.732,54225.446,1.2,151.089,10.79,19.1,24.6,,2.77,78.86,0.924
USA,North America,United States,4/20/2020,759687,24601,28873.714,40682,1772,2653.429,2295.109,74.323,87.231,122.905,5.353,8.016,156261,4597425,13.889,0.472,163985,0.495,5.679,0.176,tests performed,72.69,331002647,35.608,38.3,15.413,9.732,54225.446,1.2,151.089,10.79,19.1,24.6,,2.77,78.86,0.924
USA,North America,United States,4/21/2020,787752,28065,29308.286,42539,1857,2698.571,2379.896,84.788,88.544,128.516,5.61,8.153,216637,4814062,14.544,0.654,173625,0.525,5.924,0.169,tests performed,72.69,331002647,35.608,38.3,15.413,9.732,54225.446,1.2,151.089,10.79,19.1,24.6,,2.77,78.86,0.924
USA,North America,United States,4/22/2020,825041,37289,30789.286,45063,2524,2715.143,2492.551,112.655,93.018,136.141,7.625,8.203,223118,5037180,15.218,0.674,179710,0.543,5.837,0.171,tests performed,72.69,331002647,35.608,38.3,15.413,9.732,54225.446,1.2,151.089,10.79,19.1,24.6,,2.77,78.86,0.924
USA,North America,United States,4/23/2020,842629,17588,28995,46784,1721,2257,2545.687,53.136,87.597,141.34,5.199,6.819,216465,5253645,15.872,0.654,185270,0.56,6.39,0.157,tests performed,72.69,331002647,35.608,38.3,15.413,9.732,54225.446,1.2,151.089,10.79,19.1,24.6,,2.77,78.86,0.924
USA,North America,United States,4/24/2020,869172,26543,28263,49963,3179,2382.714,2625.876,80.19,85.386,150.944,9.604,7.198,246199,5499844,16.616,0.744,195280,0.59,6.909,0.145,tests performed,72.69,331002647,35.608,38.3,15.413,9.732,54225.446,1.2,151.089,10.79,19.1,24.6,,2.77,78.86,0.924
USA,North America,United States,4/25/2020,890524,21352,26908.571,51017,1054,1994.714,2690.383,64.507,81.294,154.129,3.184,6.026,214549,5714393,17.264,0.648,201018,0.607,7.47,0.134,tests performed,72.69,331002647,35.608,38.3,15.413,9.732,54225.446,1.2,151.089,10.79,19.1,24.6,,2.77,78.86,0.924
USA,North America,United States,4/26/2020,939053,48529,29138.143,53189,2172,2039.857,2836.995,146.612,88.03,160.691,6.562,6.163,199164,5913557,17.866,0.602,210342,0.635,7.219,0.139,tests performed,72.69,331002647,35.608,38.3,15.413,9.732,54225.446,1.2,151.089,10.79,19.1,24.6,,2.77,78.86,0.924
USA,North America,United States,4/27/2020,965910,26857,29460.429,54876,1687,2027.714,2918.134,81.138,89.004,165.787,5.097,6.126,216194,6129751,18.519,0.653,218904,0.661,7.43,0.135,tests performed,72.69,331002647,35.608,38.3,15.413,9.732,54225.446,1.2,151.089,10.79,19.1,24.6,,2.77,78.86,0.924
USA,North America,United States,4/28/2020,988451,22541,28671.286,56245,1369,1958,2986.233,68.099,86.62,169.923,4.136,5.915,245789,6375540,19.261,0.743,223068,0.674,7.78,0.129,tests performed,72.69,331002647,35.608,38.3,15.413,9.732,54225.446,1.2,151.089,10.79,19.1,24.6,,2.77,78.86,0.924
USA,North America,United States,4/29/2020,1012583,24132,26791.714,58355,2110,1898.857,3059.139,72.906,80.941,176.298,6.375,5.737,289655,6665195,20.136,0.875,232574,0.703,8.681,0.115,tests performed,72.69,331002647,35.608,38.3,15.413,9.732,54225.446,1.2,151.089,10.79,19.1,24.6,,2.77,78.86,0.924
USA,North America,United States,4/30/2020,1039909,27326,28182.857,60966,2611,2026,3141.694,82.555,85.144,184.186,7.888,6.121,307879,6973074,21.067,0.93,245633,0.742,8.716,0.115,tests performed,72.69,331002647,35.608,38.3,15.413,9.732,54225.446,1.2,151.089,10.79,19.1,24.6,,2.77,78.86,0.924
USA,North America,United States,5/1/2020,1069826,29917,28664.857,63006,2040,1863.286,3232.077,90.383,86.6,190.349,6.163,5.629,292719,7265793,21.951,0.884,252278,0.762,8.801,0.114,tests performed,72.69,331002647,35.608,38.3,15.413,9.732,54225.446,1.2,151.089,10.79,19.1,24.6,,2.77,78.86,0.924
USA,North America,United States,5/2/2020,1103781,33955,30465.286,65068,2062,2007.286,3334.659,102.582,92.039,196.578,6.23,6.064,279248,7545041,22.795,0.844,261521,0.79,8.584,0.116,tests performed,72.69,331002647,35.608,38.3,15.413,9.732,54225.446,1.2,151.089,10.79,19.1,24.6,,2.77,78.86,0.924
USA,North America,United States,5/3/2020,1133069,29288,27716.571,66385,1317,1885.143,3423.142,88.483,83.735,200.557,3.979,5.695,187949,7732990,23.362,0.568,259919,0.785,9.378,0.107,tests performed,72.69,331002647,35.608,38.3,15.413,9.732,54225.446,1.2,151.089,10.79,19.1,24.6,,2.77,78.86,0.924
USA,North America,United States,5/4/2020,1158041,24972,27447.286,67682,1297,1829.429,3498.585,75.444,82.922,204.476,3.918,5.527,210335,7943325,23.998,0.635,259082,0.783,9.439,0.106,tests performed,72.69,331002647,35.608,38.3,15.413,9.732,54225.446,1.2,151.089,10.79,19.1,24.6,,2.77,78.86,0.924
USA,North America,United States,5/5/2020,1180634,22593,27454.714,68934,1252,1812.714,3566.842,68.256,82.944,208.258,3.782,5.476,349439,8292764,25.053,1.056,273889,0.827,9.976,0.1,tests performed,72.69,331002647,35.608,38.3,15.413,9.732,54225.446,1.2,151.089,10.79,19.1,24.6,,2.77,78.86,0.924
USA,North America,United States,5/6/2020,1204475,23841,27413.143,71078,2144,1817.571,3638.868,72.027,82.819,214.735,6.477,5.491,310934,8603698,25.993,0.939,276929,0.837,10.102,0.099,tests performed,72.69,331002647,35.608,38.3,15.413,9.732,54225.446,1.2,151.089,10.79,19.1,24.6,,2.77,78.86,0.924
USA,North America,United States,5/7/2020,1228603,24128,26956.286,73431,2353,1780.714,3711.762,72.894,81.438,221.844,7.109,5.38,366345,8970043,27.1,1.107,285281,0.862,10.583,0.094,tests performed,72.69,331002647,35.608,38.3,15.413,9.732,54225.446,1.2,151.089,10.79,19.1,24.6,,2.77,78.86,0.924
USA,North America,United States,5/8/2020,1256972,28369,26735.143,75670,2239,1809.143,3797.468,85.706,80.77,228.608,6.764,5.466,396955,9366998,28.299,1.199,300172,0.907,11.228,0.089,tests performed,72.69,331002647,35.608,38.3,15.413,9.732,54225.446,1.2,151.089,10.79,19.1,24.6,,2.77,78.86,0.924
USA,North America,United States,5/9/2020,1283929,26957,25735.429,77180,1510,1730.286,3878.909,81.44,77.75,233.17,4.562,5.227,315945,9682943,29.253,0.955,305415,0.923,11.867,0.084,tests performed,72.69,331002647,35.608,38.3,15.413,9.732,54225.446,1.2,151.089,10.79,19.1,24.6,,2.77,78.86,0.924
USA,North America,United States,5/10/2020,1309541,25612,25210.286,78794,1614,1772.714,3956.286,77.377,76.163,238.046,4.876,5.356,214918,9897861,29.903,0.649,309267,0.934,12.267,0.082,tests performed,72.69,331002647,35.608,38.3,15.413,9.732,54225.446,1.2,151.089,10.79,19.1,24.6,,2.77,78.86,0.924
USA,North America,United States,5/11/2020,1329799,20258,24536.857,79528,734,1692.286,4017.488,61.202,74.129,240.264,2.218,5.113,350182,10248043,30.961,1.058,329245,0.995,13.418,0.075,tests performed,72.69,331002647,35.608,38.3,15.413,9.732,54225.446,1.2,151.089,10.79,19.1,24.6,,2.77,78.86,0.924
USA,North America,United States,5/12/2020,1347916,18117,23897.429,80684,1156,1678.571,4072.221,54.734,72.197,243.756,3.492,5.071,405028,10653071,32.184,1.224,337187,1.019,14.11,0.071,tests performed,72.69,331002647,35.608,38.3,15.413,9.732,54225.446,1.2,151.089,10.79,19.1,24.6,,2.77,78.86,0.924
USA,North America,United States,5/13/2020,1369964,22048,23641.286,82387,1703,1615.571,4138.831,66.61,71.423,248.901,5.145,4.881,421572,11074643,33.458,1.274,352992,1.066,14.931,0.067,tests performed,72.69,331002647,35.608,38.3,15.413,9.732,54225.446,1.2,151.089,10.79,19.1,24.6,,2.77,78.86,0.924
USA,North America,United States,5/14/2020,1390746,20782,23163.286,84133,1746,1528.857,4201.616,62.785,69.979,254.176,5.275,4.619,430373,11505016,34.758,1.3,362139,1.094,15.634,0.064,tests performed,72.69,331002647,35.608,38.3,15.413,9.732,54225.446,1.2,151.089,10.79,19.1,24.6,,2.77,78.86,0.924
USA,North America,United States,5/15/2020,1417889,27143,22988.143,85906,1773,1462.286,4283.618,82.002,69.45,259.533,5.356,4.418,426324,11931340,36.046,1.288,366335,1.107,15.936,0.063,tests performed,72.69,331002647,35.608,38.3,15.413,9.732,54225.446,1.2,151.089,10.79,19.1,24.6,,2.77,78.86,0.924
USA,North America,United States,5/16/2020,1443397,25508,22781.143,87568,1662,1484,4360.681,77.063,68.825,264.554,5.021,4.483,362589,12293929,37.141,1.095,372998,1.127,16.373,0.061,tests performed,72.69,331002647,35.608,38.3,15.413,9.732,54225.446,1.2,151.089,10.79,19.1,24.6,,2.77,78.86,0.924
USA,North America,United States,5/17/2020,1467884,24487,22620.429,88754,1186,1422.857,4434.659,73.978,68.339,268.137,3.583,4.299,302459,12596388,38.055,0.914,385504,1.165,17.042,0.059,tests performed,72.69,331002647,35.608,38.3,15.413,9.732,54225.446,1.2,151.089,10.79,19.1,24.6,,2.77,78.86,0.924
USA,North America,United States,5/18/2020,1486757,18873,22422.571,89562,808,1433.429,4491.677,57.018,67.741,270.578,2.441,4.331,328354,12924742,39.047,0.992,382386,1.155,17.054,0.059,tests performed,72.69,331002647,35.608,38.3,15.413,9.732,54225.446,1.2,151.089,10.79,19.1,24.6,,2.77,78.86,0.924
USA,North America,United States,5/19/2020,1508598,21841,22954.571,90353,791,1381.286,4557.661,65.984,69.349,272.968,2.39,4.173,452106,13376848,40.413,1.366,389111,1.176,16.951,0.059,tests performed,72.69,331002647,35.608,38.3,15.413,9.732,54225.446,1.2,151.089,10.79,19.1,24.6,,2.77,78.86,0.924
USA,North America,United States,5/20/2020,1528568,19970,22657.714,91921,1568,1362,4617.993,60.332,68.452,277.705,4.737,4.115,410386,13787234,41.653,1.24,387513,1.171,17.103,0.058,tests performed,72.69,331002647,35.608,38.3,15.413,9.732,54225.446,1.2,151.089,10.79,19.1,24.6,,2.77,78.86,0.924
USA,North America,United States,5/21/2020,1551853,23285,23015.286,93439,1518,1329.429,4688.34,70.347,69.532,282.291,4.586,4.016,506777,14294011,43.184,1.531,398428,1.204,17.311,0.058,tests performed,72.69,331002647,35.608,38.3,15.413,9.732,54225.446,1.2,151.089,10.79,19.1,24.6,,2.77,78.86,0.924
USA,North America,United States,5/22/2020,1577287,25434,22771.143,94702,1263,1256.571,4765.179,76.839,68.794,286.106,3.816,3.796,490351,14784362,44.665,1.481,407575,1.231,17.899,0.056,tests performed,72.69,331002647,35.608,38.3,15.413,9.732,54225.446,1.2,151.089,10.79,19.1,24.6,,2.77,78.86,0.924
USA,North America,United States,5/23/2020,1601434,24147,22576.714,96007,1305,1205.571,4838.13,72.951,68.207,290.049,3.943,3.642,379935,15164297,45.813,1.148,410053,1.239,18.163,0.055,tests performed,72.69,331002647,35.608,38.3,15.413,9.732,54225.446,1.2,151.089,10.79,19.1,24.6,,2.77,78.86,0.924
USA,North America,United States,5/24/2020,1622670,21236,22112.286,97087,1080,1190.429,4902.287,64.157,66.804,293.312,3.263,3.596,294681,15458978,46.703,0.89,408941,1.235,18.494,0.054,tests performed,72.69,331002647,35.608,38.3,15.413,9.732,54225.446,1.2,151.089,10.79,19.1,24.6,,2.77,78.86,0.924
USA,North America,United States,5/25/2020,1643238,20568,22354.429,97720,633,1165.429,4964.426,62.138,67.535,295.224,1.912,3.521,394789,15853767,47.896,1.193,418432,1.264,18.718,0.053,tests performed,72.69,331002647,35.608,38.3,15.413,9.732,54225.446,1.2,151.089,10.79,19.1,24.6,,2.77,78.86,0.924
USA,North America,United States,5/26/2020,1662302,19064,21957.714,98220,500,1123.857,5022.02,57.595,66.337,296.735,1.511,3.395,457684,16311451,49.279,1.383,419229,1.267,19.093,0.052,tests performed,72.69,331002647,35.608,38.3,15.413,9.732,54225.446,1.2,151.089,10.79,19.1,24.6,,2.77,78.86,0.924
USA,North America,United States,5/27/2020,1681212,18910,21806.286,98916,696,999.286,5079.15,57.129,65.879,298.837,2.103,3.019,512534,16823985,50.827,1.548,433822,1.311,19.894,0.05,tests performed,72.69,331002647,35.608,38.3,15.413,9.732,54225.446,1.2,151.089,10.79,19.1,24.6,,2.77,78.86,0.924
USA,North America,United States,5/28/2020,1699933,18721,21154.286,100442,1526,1000.429,5135.708,56.558,63.91,303.448,4.61,3.022,525878,17349863,52.416,1.589,436550,1.319,20.636,0.048,tests performed,72.69,331002647,35.608,38.3,15.413,9.732,54225.446,1.2,151.089,10.79,19.1,24.6,,2.77,78.86,0.924
USA,North America,United States,5/29/2020,1721750,21817,20637.571,101617,1175,987.857,5201.62,65.912,62.349,306.998,3.55,2.984,509185,17859048,53.954,1.538,439241,1.327,21.284,0.047,tests performed,72.69,331002647,35.608,38.3,15.413,9.732,54225.446,1.2,151.089,10.79,19.1,24.6,,2.77,78.86,0.924
USA,North America,United States,5/30/2020,1747087,25337,20807.571,102836,1219,975.571,5278.166,76.546,62.862,310.68,3.683,2.947,465241,18324289,55.36,1.406,451427,1.364,21.695,0.046,tests performed,72.69,331002647,35.608,38.3,15.413,9.732,54225.446,1.2,151.089,10.79,19.1,24.6,,2.77,78.86,0.924
USA,North America,United States,5/31/2020,1770384,23297,21102,103781,945,956.286,5348.549,70.383,63.752,313.535,2.855,2.889,368778,18693067,56.474,1.114,462013,1.396,21.894,0.046,tests performed,72.69,331002647,35.608,38.3,15.413,9.732,54225.446,1.2,151.089,10.79,19.1,24.6,,2.77,78.86,0.924
USA,North America,United States,6/1/2020,1790191,19807,20993.286,104383,602,951.857,5408.389,59.839,63.423,315.354,1.819,2.876,426594,19119661,57.763,1.289,466556,1.41,22.224,0.045,tests performed,72.69,331002647,35.608,38.3,15.413,9.732,54225.446,1.2,151.089,10.79,19.1,24.6,,2.77,78.86,0.924
USA,North America,United States,6/2/2020,1811277,21086,21282.143,105147,764,989.571,5472.092,63.703,64.296,317.662,2.308,2.99,459250,19578911,59.15,1.387,466780,1.41,21.933,0.046,tests performed,72.69,331002647,35.608,38.3,15.413,9.732,54225.446,1.2,151.089,10.79,19.1,24.6,,2.77,78.86,0.924
USA,North America,United States,6/3/2020,1831821,20544,21515.571,106181,1034,1037.857,5534.158,62.066,65.001,320.786,3.124,3.135,616110,20195021,61.012,1.861,481577,1.455,22.383,0.045,tests performed,72.69,331002647,35.608,38.3,15.413,9.732,54225.446,1.2,151.089,10.79,19.1,24.6,,2.77,78.86,0.924
USA,North America,United States,6/4/2020,1851520,19699,21655.286,107175,994,961.857,5593.671,59.513,65.423,323.789,3.003,2.906,596076,20791097,62.812,1.801,491605,1.485,22.701,0.044,tests performed,72.69,331002647,35.608,38.3,15.413,9.732,54225.446,1.2,151.089,10.79,19.1,24.6,,2.77,78.86,0.924
USA,North America,United States,6/5/2020,1872660,21140,21558.571,108211,1036,942,5657.538,63.867,65.131,326.919,3.13,2.846,547901,21338998,64.468,1.655,497136,1.502,23.06,0.043,tests performed,72.69,331002647,35.608,38.3,15.413,9.732,54225.446,1.2,151.089,10.79,19.1,24.6,,2.77,78.86,0.924
USA,North America,United States,6/6/2020,1897838,25178,21535.857,109143,932,901,5733.604,76.066,65.062,329.735,2.816,2.722,502462,21841460,65.986,1.518,502453,1.518,23.331,0.043,tests performed,72.69,331002647,35.608,38.3,15.413,9.732,54225.446,1.2,151.089,10.79,19.1,24.6,,2.77,78.86,0.924
USA,North America,United States,6/7/2020,1920061,22223,21382.429,109802,659,860.143,5800.742,67.138,64.599,331.725,1.991,2.599,351173,22192633,67.047,1.061,499938,1.51,23.381,0.043,tests performed,72.69,331002647,35.608,38.3,15.413,9.732,54225.446,1.2,151.089,10.79,19.1,24.6,,2.77,78.86,0.924
USA,North America,United States,6/8/2020,1942363,22302,21738.857,110514,712,875.857,5868.119,67.377,65.676,333.876,2.151,2.646,677841,22870474,69.095,2.048,535830,1.619,24.648,0.041,tests performed,72.69,331002647,35.608,38.3,15.413,9.732,54225.446,1.2,151.089,10.79,19.1,24.6,,2.77,78.86,0.924
USA,North America,United States,6/9/2020,1961185,18822,21415.429,111007,493,837.143,5924.983,56.864,64.699,335.366,1.489,2.529,582648,23453122,70.855,1.76,553459,1.672,25.844,0.039,tests performed,72.69,331002647,35.608,38.3,15.413,9.732,54225.446,1.2,151.089,10.79,19.1,24.6,,2.77,78.86,0.924
USA,North America,United States,6/10/2020,1979850,18665,21147,112006,999,832.143,5981.372,56.389,63.888,338.384,3.018,2.514,635681,24088803,72.775,1.92,556255,1.681,26.304,0.038,tests performed,72.69,331002647,35.608,38.3,15.413,9.732,54225.446,1.2,151.089,10.79,19.1,24.6,,2.77,78.86,0.924
USA,North America,United States,6/11/2020,2000464,20614,21277.714,112924,918,821.286,6043.65,62.277,64.283,341.157,2.773,2.481,523868,24612671,74.358,1.583,545939,1.649,25.658,0.039,tests performed,72.69,331002647,35.608,38.3,15.413,9.732,54225.446,1.2,151.089,10.79,19.1,24.6,,2.77,78.86,0.924
USA,North America,United States,6/12/2020,2023347,22883,21526.714,113820,896,801.286,6112.782,69.132,65.035,343.864,2.707,2.421,532457,25145128,75.967,1.609,543733,1.643,25.259,0.04,tests performed,72.69,331002647,35.608,38.3,15.413,9.732,54225.446,1.2,151.089,10.79,19.1,24.6,,2.77,78.86,0.924
USA,North America,United States,6/13/2020,2048986,25639,21592.571,114669,849,789.429,6190.241,77.459,65.234,346.429,2.565,2.385,610214,25755342,77.81,1.844,559126,1.689,25.894,0.039,tests performed,72.69,331002647,35.608,38.3,15.413,9.732,54225.446,1.2,151.089,10.79,19.1,24.6,,2.77,78.86,0.924
USA,North America,United States,6/14/2020,2074526,25540,22066.429,115436,767,804.857,6267.4,77.16,66.665,348.746,2.317,2.432,351087,26106429,78.871,1.061,559114,1.689,25.338,0.039,tests performed,72.69,331002647,35.608,38.3,15.413,9.732,54225.446,1.2,151.089,10.79,19.1,24.6,,2.77,78.86,0.924
USA,North America,United States,6/15/2020,2094069,19543,21672.286,115732,296,745.429,6326.442,59.042,65.475,349.641,0.894,2.252,563949,26670378,80.575,1.704,542843,1.64,25.048,0.04,tests performed,68.98,331002647,35.608,38.3,15.413,9.732,54225.446,1.2,151.089,10.79,19.1,24.6,,2.77,78.86,0.924
USA,North America,United States,6/16/2020,2114026,19957,21834.429,116127,395,731.429,6386.734,60.293,65.965,350.834,1.193,2.21,640022,27310400,82.508,1.934,551040,1.665,25.237,0.04,tests performed,68.98,331002647,35.608,38.3,15.413,9.732,54225.446,1.2,151.089,10.79,19.1,24.6,,2.77,78.86,0.924
USA,North America,United States,6/17/2020,2137731,23705,22554.429,116963,836,708.143,6458.35,71.616,68.14,353.36,2.526,2.139,694694,28005094,84.607,2.099,559470,1.69,24.805,0.04,tests performed,68.98,331002647,35.608,38.3,15.413,9.732,54225.446,1.2,151.089,10.79,19.1,24.6,,2.77,78.86,0.924
USA,North America,United States,6/18/2020,2163290,25559,23260.857,117717,754,684.714,6535.567,77.217,70.274,355.638,2.278,2.069,691634,28696728,86.696,2.09,583437,1.763,25.082,0.04,tests performed,68.98,331002647,35.608,38.3,15.413,9.732,54225.446,1.2,151.089,10.79,19.1,24.6,,2.77,78.86,0.924
USA,North America,United States,6/19/2020,2191052,27762,23957.857,118434,717,659.143,6619.44,83.872,72.38,357.804,2.166,1.991,814452,29511180,89.157,2.461,623722,1.884,26.034,0.038,tests performed,68.98,331002647,35.608,38.3,15.413,9.732,54225.446,1.2,151.089,10.79,19.1,24.6,,2.77,78.86,0.924
USA,North America,United States,6/20/2020,2220961,29909,24567.857,119112,678,634.714,6709.798,90.359,74.223,359.852,2.048,1.918,606075,30117255,90.988,1.831,623130,1.883,25.364,0.039,tests performed,68.98,331002647,35.608,38.3,15.413,9.732,54225.446,1.2,151.089,10.79,19.1,24.6,,2.77,78.86,0.924
USA,North America,United States,6/21/2020,2255119,34158,25799,119719,607,611.857,6812.994,103.196,77.942,361.686,1.834,1.848,444452,30561707,92.331,1.343,636468,1.923,24.67,0.041,tests performed,68.98,331002647,35.608,38.3,15.413,9.732,54225.446,1.2,151.089,10.79,19.1,24.6,,2.77,78.86,0.924
USA,North America,United States,6/22/2020,2280912,25793,26691.857,119975,256,606.143,6890.918,77.924,80.639,362.459,0.773,1.831,580402,31142109,94.084,1.753,638819,1.93,23.933,0.042,tests performed,68.98,331002647,35.608,38.3,15.413,9.732,54225.446,1.2,151.089,10.79,19.1,24.6,,2.77,78.86,0.924
USA,North America,United States,6/23/2020,2312302,31390,28325.143,120402,427,610.714,6985.751,94.833,85.574,363.749,1.29,1.845,781077,31923186,96.444,2.36,658969,1.991,23.264,0.043,tests performed,68.98,331002647,35.608,38.3,15.413,9.732,54225.446,1.2,151.089,10.79,19.1,24.6,,2.77,78.86,0.924
USA,North America,United States,6/24/2020,2347022,34720,29898.714,121228,826,609.286,7090.644,104.893,90.328,366.245,2.495,1.841,717219,32640405,98.611,2.167,662187,2.001,22.148,0.045,tests performed,68.98,331002647,35.608,38.3,15.413,9.732,54225.446,1.2,151.089,10.79,19.1,24.6,,2.77,78.86,0.924
USA,North America,United States,6/25/2020,2381361,34339,31153,121979,751,608.857,7194.387,103.742,94.117,368.514,2.269,1.839,730898,33371303,100.819,2.208,667796,2.017,21.436,0.047,tests performed,68.98,331002647,35.608,38.3,15.413,9.732,54225.446,1.2,151.089,10.79,19.1,24.6,,2.77,78.86,0.924
USA,North America,United States,6/26/2020,2422310,40949,33036.857,124416,2437,854.571,7318.099,123.712,99.808,375.876,7.362,2.582,766407,34137710,103.134,2.315,660933,1.997,20.006,0.05,tests performed,68.98,331002647,35.608,38.3,15.413,9.732,54225.446,1.2,151.089,10.79,19.1,24.6,,2.77,78.86,0.924
USA,North America,United States,6/27/2020,2467837,45527,35268,125039,623,846.714,7455.641,137.543,106.549,377.758,1.882,2.558,656811,34794521,105.119,1.984,668181,2.019,18.946,0.053,tests performed,68.98,331002647,35.608,38.3,15.413,9.732,54225.446,1.2,151.089,10.79,19.1,24.6,,2.77,78.86,0.924
USA,North America,United States,6/28/2020,2510323,42486,36457.714,125539,500,831.429,7583.997,128.355,110.143,379.269,1.511,2.512,483191,35277712,106.578,1.46,673715,2.035,18.479,0.054,tests performed,68.98,331002647,35.608,38.3,15.413,9.732,54225.446,1.2,151.089,10.79,19.1,24.6,,2.77,78.86,0.924
USA,North America,United States,6/29/2020,2548996,38673,38297.714,125804,265,832.714,7700.833,116.836,115.702,380.069,0.801,2.516,755585,36033297,108.861,2.283,698741,2.111,18.245,0.055,tests performed,68.98,331002647,35.608,38.3,15.413,9.732,54225.446,1.2,151.089,10.79,19.1,24.6,,2.77,78.86,0.924
USA,North America,United States,6/30/2020,2590552,41556,39750,126140,336,819.714,7826.379,125.546,120.09,381.085,1.015,2.476,858900,36892197,111.456,2.595,709859,2.145,17.858,0.056,tests performed,68.98,331002647,35.608,38.3,15.413,9.732,54225.446,1.2,151.089,10.79,19.1,24.6,,2.77,78.86,0.924
USA,North America,United States,7/1/2020,2634432,43880,41058.571,127410,1270,883.143,7958.945,132.567,124.043,384.921,3.837,2.668,912158,37804355,114.212,2.756,737707,2.229,17.967,0.056,tests performed,68.98,331002647,35.608,38.3,15.413,9.732,54225.446,1.2,151.089,10.79,19.1,24.6,,2.77,78.86,0.924
USA,North America,United States,7/2/2020,2686480,52048,43588.429,128062,652,869,8116.189,157.243,131.686,386.891,1.97,2.625,732953,38537308,116.426,2.214,738001,2.23,16.931,0.059,tests performed,68.98,331002647,35.608,38.3,15.413,9.732,54225.446,1.2,151.089,10.79,19.1,24.6,,2.77,78.86,0.924
USA,North America,United States,7/3/2020,2739879,53399,45367,128740,678,617.714,8277.514,161.325,137.059,388.939,2.048,1.866,748730,39286038,118.688,2.262,735475,2.222,16.212,0.062,tests performed,68.98,331002647,35.608,38.3,15.413,9.732,54225.446,1.2,151.089,10.79,19.1,24.6,,2.77,78.86,0.924
USA,North America,United States,7/4/2020,2794321,54442,46640.571,129434,694,627.857,8441.99,164.476,140.907,391.036,2.097,1.897,522968,39809006,120.268,1.58,716355,2.164,15.359,0.065,tests performed,68.98,331002647,35.608,38.3,15.413,9.732,54225.446,1.2,151.089,10.79,19.1,24.6,,2.77,78.86,0.924
USA,North America,United States,7/5/2020,2839542,45221,47031.286,129676,242,591,8578.608,136.618,142.087,391.767,0.731,1.785,439630,40248636,121.596,1.328,710132,2.145,15.099,0.066,tests performed,68.98,331002647,35.608,38.3,15.413,9.732,54225.446,1.2,151.089,10.79,19.1,24.6,,2.77,78.86,0.924
USA,North America,United States,7/6/2020,2888635,49093,48519.857,129947,271,591.857,8726.924,148.316,146.584,392.586,0.819,1.788,885788,41134424,124.272,2.676,728732,2.202,15.019,0.067,tests performed,68.98,331002647,35.608,38.3,15.413,9.732,54225.446,1.2,151.089,10.79,19.1,24.6,,2.77,78.86,0.924
USA,North America,United States,7/7/2020,2938625,49990,49724.714,130306,359,595.143,8877.95,151.026,150.225,393.671,1.085,1.798,848421,41982845,126.835,2.563,727235,2.197,14.625,0.068,tests performed,68.98,331002647,35.608,38.3,15.413,9.732,54225.446,1.2,151.089,10.79,19.1,24.6,,2.77,78.86,0.924
USA,North America,United States,7/8/2020,2996098,57473,51666.571,131480,1174,581.429,9051.583,173.633,156.091,397.217,3.547,1.757,919784,42902629,129.614,2.779,728325,2.2,14.097,0.071,tests performed,68.98,331002647,35.608,38.3,15.413,9.732,54225.446,1.2,151.089,10.79,19.1,24.6,,2.77,78.86,0.924
USA,North America,United States,7/9/2020,3055004,58906,52646.286,132309,829,606.714,9229.546,177.962,159.051,399.722,2.505,1.833,927737,43830366,132.417,2.803,756151,2.284,14.363,0.07,tests performed,68.98,331002647,35.608,38.3,15.413,9.732,54225.446,1.2,151.089,10.79,19.1,24.6,,2.77,78.86,0.924
USA,North America,United States,7/10/2020,3118008,63004,54018.429,133291,982,650.143,9419.888,190.343,163.196,402.689,2.967,1.964,928518,44758884,135.222,2.805,781835,2.362,14.473,0.069,tests performed,68.98,331002647,35.608,38.3,15.413,9.732,54225.446,1.2,151.089,10.79,19.1,24.6,,2.77,78.86,0.924
USA,North America,United States,7/11/2020,3184633,66625,55758.857,134097,806,666.143,9621.171,201.282,168.454,405.124,2.435,2.013,817744,45576628,137.693,2.471,823946,2.489,14.777,0.068,tests performed,68.98,331002647,35.608,38.3,15.413,9.732,54225.446,1.2,151.089,10.79,19.1,24.6,,2.77,78.86,0.924
USA,North America,United States,7/12/2020,3247684,63051,58306,134814,717,734,9811.656,190.485,176.15,407.29,2.166,2.218,713085,46289713,139.847,2.154,863011,2.607,14.801,0.068,tests performed,68.98,331002647,35.608,38.3,15.413,9.732,54225.446,1.2,151.089,10.79,19.1,24.6,,2.77,78.86,0.924
USA,North America,United States,7/13/2020,3304942,57258,59472.429,135205,391,751.143,9984.639,172.984,179.674,408.471,1.181,2.269,824227,47113940,142.337,2.49,854217,2.581,14.363,0.07,tests performed,68.98,331002647,35.608,38.3,15.413,9.732,54225.446,1.2,151.089,10.79,19.1,24.6,,2.77,78.86,0.924
USA,North America,United States,7/14/2020,3363056,58114,60633,135605,400,757,10160.209,175.57,183.18,409.68,1.208,2.287,913376,48027316,145.096,2.759,863496,2.609,14.241,0.07,tests performed,68.98,331002647,35.608,38.3,15.413,9.732,54225.446,1.2,151.089,10.79,19.1,24.6,,2.77,78.86,0.924
USA,North America,United States,7/15/2020,3431574,68518,62210.857,136466,861,712.286,10367.21,207.001,187.947,412.281,2.601,2.152,864934,48892250,147.71,2.613,855660,2.585,13.754,0.073,tests performed,68.98,331002647,35.608,38.3,15.413,9.732,54225.446,1.2,151.089,10.79,19.1,24.6,,2.77,78.86,0.924
USA,North America,United States,7/16/2020,3499291,67717,63469.571,137419,953,730,10571.792,204.581,191.749,415.16,2.879,2.205,1099711,49991961,151.032,3.322,880228,2.659,13.869,0.072,tests performed,68.98,331002647,35.608,38.3,15.413,9.732,54225.446,1.2,151.089,10.79,19.1,24.6,,2.77,78.86,0.924
USA,North America,United States,7/17/2020,3576221,76930,65459,138358,939,723.857,10804.207,232.415,197.76,417.997,2.837,2.187,1003931,50995892,154.065,3.033,891001,2.692,13.612,0.073,tests performed,68.98,331002647,35.608,38.3,15.413,9.732,54225.446,1.2,151.089,10.79,19.1,24.6,,2.77,78.86,0.924
USA,North America,United States,7/18/2020,3647715,71494,66154.571,139266,908,738.429,11020.199,215.992,199.861,420.74,2.743,2.231,863439,51859331,156.673,2.609,897529,2.712,13.567,0.074,tests performed,68.98,331002647,35.608,38.3,15.413,9.732,54225.446,1.2,151.089,10.79,19.1,24.6,,2.77,78.86,0.924
USA,North America,United States,7/19/2020,3711464,63749,66254.286,140119,853,757.857,11212.793,192.594,200.162,423.317,2.577,2.29,606224,52465555,158.505,1.831,882263,2.665,13.316,0.075,tests performed,68.98,331002647,35.608,38.3,15.413,9.732,54225.446,1.2,151.089,10.79,19.1,24.6,,2.77,78.86,0.924
USA,North America,United States,7/20/2020,3773260,61796,66902.571,140534,415,761.286,11399.486,186.693,202.121,424.571,1.254,2.3,744508,53210063,160.754,2.249,870875,2.631,13.017,0.077,tests performed,67.13,331002647,35.608,38.3,15.413,9.732,54225.446,1.2,151.089,10.79,19.1,24.6,,2.77,78.86,0.924
USA,North America,United States,7/21/2020,3830010,56750,66707.714,140906,372,757.286,11570.935,171.449,201.532,425.694,1.124,2.288,1229029,54439092,164.467,3.713,915968,2.767,13.731,0.073,tests performed,67.13,331002647,35.608,38.3,15.413,9.732,54225.446,1.2,151.089,10.79,19.1,24.6,,2.77,78.86,0.924
USA,North America,United States,7/22/2020,3902058,72048,67212,142066,1160,800,11788.601,217.666,203.056,429.199,3.505,2.417,1050089,55489181,167.64,3.172,942419,2.847,14.022,0.071,tests performed,67.13,331002647,35.608,38.3,15.413,9.732,54225.446,1.2,151.089,10.79,19.1,24.6,,2.77,78.86,0.924
USA,North America,United States,7/23/2020,3970906,68848,67373.571,143190,1124,824.429,11996.599,207.998,203.544,432.595,3.396,2.491,1033701,56522882,170.763,3.123,932989,2.819,13.848,0.072,tests performed,67.13,331002647,35.608,38.3,15.413,9.732,54225.446,1.2,151.089,10.79,19.1,24.6,,2.77,78.86,0.924
USA,North America,United States,7/24/2020,4034102,63196,65411.571,144242,1052,840.571,12187.522,190.923,197.616,435.773,3.178,2.539,893328,57416210,173.461,2.699,917188,2.771,14.022,0.071,tests performed,67.13,331002647,35.608,38.3,15.413,9.732,54225.446,1.2,151.089,10.79,19.1,24.6,,2.77,78.86,0.924
USA,North America,United States,7/25/2020,4112529,78427,66402,145546,1304,897.143,12424.46,236.938,200.609,439.712,3.94,2.71,935626,58351836,176.288,2.827,927501,2.802,13.968,0.072,tests performed,67.13,331002647,35.608,38.3,15.413,9.732,54225.446,1.2,151.089,10.79,19.1,24.6,,2.77,78.86,0.924
USA,North America,United States,7/26/2020,4178027,65498,66651.857,146460,914,905.857,12622.337,197.878,201.364,442.474,2.761,2.737,643692,58995528,178.233,1.945,932853,2.818,13.996,0.071,tests performed,67.13,331002647,35.608,38.3,15.413,9.732,54225.446,1.2,151.089,10.79,19.1,24.6,,2.77,78.86,0.924
USA,North America,United States,7/27/2020,4234020,55993,65822.857,146935,475,914.429,12791.499,169.162,198.859,443.909,1.435,2.763,725419,59720947,180.424,2.192,930126,2.81,14.131,0.071,tests performed,67.13,331002647,35.608,38.3,15.413,9.732,54225.446,1.2,151.089,10.79,19.1,24.6,,2.77,78.86,0.924
USA,North America,United States,7/28/2020,4290263,56243,65750.429,148011,1076,1015,12961.416,169.917,198.64,447.16,3.251,3.066,859868,60580815,183.022,2.598,877389,2.651,13.344,0.075,tests performed,67.13,331002647,35.608,38.3,15.413,9.732,54225.446,1.2,151.089,10.79,19.1,24.6,,2.77,78.86,0.924
USA,North America,United States,7/29/2020,4351997,61734,64277,149256,1245,1027.143,13147.922,186.506,194.189,450.921,3.761,3.103,849753,61430568,185.589,2.567,848770,2.564,13.205,0.076,tests performed,67.13,331002647,35.608,38.3,15.413,9.732,54225.446,1.2,151.089,10.79,19.1,24.6,,2.77,78.86,0.924
USA,North America,United States,7/30/2020,4426982,74985,65153.714,150713,1457,1074.714,13374.461,226.539,196.837,455.323,4.402,3.247,986422,62416990,188.569,2.98,842015,2.544,12.924,0.077,tests performed,67.13,331002647,35.608,38.3,15.413,9.732,54225.446,1.2,151.089,10.79,19.1,24.6,,2.77,78.86,0.924
USA,North America,United States,7/31/2020,4495014,68032,65844.571,152070,1357,1118.286,13579.994,205.533,198.925,459.422,4.1,3.378,963425,63380415,191.48,2.911,852029,2.574,12.94,0.077,tests performed,67.13,331002647,35.608,38.3,15.413,9.732,54225.446,1.2,151.089,10.79,19.1,24.6,,2.77,78.86,0.924
USA,North America,United States,8/1/2020,4562037,67023,64215.429,153314,1244,1109.714,13782.479,202.485,194.003,463.181,3.758,3.353,771844,64152259,193.812,2.332,828632,2.503,12.904,0.077,tests performed,67.13,331002647,35.608,38.3,15.413,9.732,54225.446,1.2,151.089,10.79,19.1,24.6,,2.77,78.86,0.924
USA,North America,United States,8/2/2020,4620444,58407,63202.429,154447,1133,1141,13958.934,176.455,190.942,466.604,3.423,3.447,587556,64739815,195.587,1.775,820612,2.479,12.984,0.077,tests performed,67.13,331002647,35.608,38.3,15.413,9.732,54225.446,1.2,151.089,10.79,19.1,24.6,,2.77,78.86,0.924
USA,North America,United States,8/3/2020,4667955,47511,61990.714,154860,413,1132.143,14102.47,143.537,187.282,467.851,1.248,3.42,686746,65426561,197.662,2.075,815088,2.462,13.149,0.076,tests performed,67.13,331002647,35.608,38.3,15.413,9.732,54225.446,1.2,151.089,10.79,19.1,24.6,,2.77,78.86,0.924
USA,North America,United States,8/4/2020,4713562,45607,60471.286,155403,543,1056,14240.255,137.784,182.691,469.492,1.64,3.19,773229,66199790,199.998,2.336,802711,2.425,13.274,0.075,tests performed,67.13,331002647,35.608,38.3,15.413,9.732,54225.446,1.2,151.089,10.79,19.1,24.6,,2.77,78.86,0.924
USA,North America,United States,8/5/2020,4771087,57525,59870,156806,1403,1078.571,14414.045,173.79,180.875,473.73,4.239,3.258,876209,67075999,202.645,2.647,806490,2.437,13.471,0.074,tests performed,67.13,331002647,35.608,38.3,15.413,9.732,54225.446,1.2,151.089,10.79,19.1,24.6,,2.77,78.86,0.924
USA,North America,United States,8/6/2020,4823891,52804,56701.286,158256,1450,1077.571,14573.572,159.527,171.302,478.111,4.381,3.255,899995,67975994,205.364,2.719,794143,2.399,14.006,0.071,tests performed,67.13,331002647,35.608,38.3,15.413,9.732,54225.446,1.2,151.089,10.79,19.1,24.6,,2.77,78.86,0.924
USA,North America,United States,8/7/2020,4883646,59755,55518.857,160104,1848,1147.714,14754.1,180.527,167.729,483.694,5.583,3.467,910445,68886439,208.114,2.751,786575,2.376,14.168,0.071,tests performed,67.13,331002647,35.608,38.3,15.413,9.732,54225.446,1.2,151.089,10.79,19.1,24.6,,2.77,78.86,0.924
USA,North America,United States,8/8/2020,4941796,58150,54251.286,161356,1252,1148.857,14929.778,175.678,163.9,487.476,3.782,3.471,821580,69708019,210.597,2.482,793680,2.398,14.63,0.068,tests performed,67.13,331002647,35.608,38.3,15.413,9.732,54225.446,1.2,151.089,10.79,19.1,24.6,,2.77,78.86,0.924
USA,North America,United States,8/9/2020,4998017,56221,53939,162425,1069,1139.714,15099.628,169.851,162.956,490.706,3.23,3.443,720000,70428019,212.772,2.175,812601,2.455,15.065,0.066,tests performed,67.13,331002647,35.608,38.3,15.413,9.732,54225.446,1.2,151.089,10.79,19.1,24.6,,2.77,78.86,0.924
USA,North America,United States,8/10/2020,5044864,46847,53844.143,162938,513,1154,15241.159,141.531,162.67,492.256,1.55,3.486,785551,71213570,215.145,2.373,826716,2.498,15.354,0.065,tests performed,67.13,331002647,35.608,38.3,15.413,9.732,54225.446,1.2,151.089,10.79,19.1,24.6,,2.77,78.86,0.924
USA,North America,United States,8/11/2020,5094394,49530,54404.571,163461,523,1151.143,15390.795,149.636,164.363,493.836,1.58,3.478,947439,72161009,218.007,2.862,851603,2.573,15.653,0.064,tests performed,67.13,331002647,35.608,38.3,15.413,9.732,54225.446,1.2,151.089,10.79,19.1,24.6,,2.77,78.86,0.924
USA,North America,United States,8/12/2020,5141207,46813,52874.286,164537,1076,1104.429,15532.223,141.428,159.74,497.087,3.251,3.337,952702,73113711,220.886,2.878,862530,2.606,16.313,0.061,tests performed,67.13,331002647,35.608,38.3,15.413,9.732,54225.446,1.2,151.089,10.79,19.1,24.6,,2.77,78.86,0.924
USA,North America,United States,8/13/2020,5197148,55941,53322.429,166027,1490,1110.143,15701.228,169.005,161.094,501.588,4.501,3.354,1041088,74154799,224.031,3.145,882686,2.667,16.554,0.06,tests performed,67.13,331002647,35.608,38.3,15.413,9.732,54225.446,1.2,151.089,10.79,19.1,24.6,,2.77,78.86,0.924
USA,North America,United States,8/14/2020,5248242,51094,52085.143,167110,1083,1000.857,15855.589,154.361,157.356,504.86,3.272,3.024,972789,75127588,226.97,2.939,891593,2.694,17.118,0.058,tests performed,67.13,331002647,35.608,38.3,15.413,9.732,54225.446,1.2,151.089,10.79,19.1,24.6,,2.77,78.86,0.924
USA,North America,United States,8/15/2020,5313080,64838,53040.571,168446,1336,1012.857,16051.473,195.884,160.242,508.896,4.036,3.06,843347,75970935,229.518,2.548,894702,2.703,16.868,0.059,tests performed,67.13,331002647,35.608,38.3,15.413,9.732,54225.446,1.2,151.089,10.79,19.1,24.6,,2.77,78.86,0.924
USA,North America,United States,8/16/2020,5361165,48085,51878.286,169481,1035,1008,16196.744,145.271,156.731,512.023,3.127,3.045,624340,76595275,231.404,1.886,881037,2.662,16.983,0.059,tests performed,67.13,331002647,35.608,38.3,15.413,9.732,54225.446,1.2,151.089,10.79,19.1,24.6,,2.77,78.86,0.924
USA,North America,United States,8/17/2020,5403269,42104,51200.714,170052,571,1016.286,16323.945,127.201,154.684,513.748,1.725,3.07,669659,77264934,233.427,2.023,864481,2.612,16.884,0.059,tests performed,67.13,331002647,35.608,38.3,15.413,9.732,54225.446,1.2,151.089,10.79,19.1,24.6,,2.77,78.86,0.924
USA,North America,United States,8/18/2020,5438325,35056,49133,170497,445,1005.143,16429.854,105.909,148.437,515.093,1.344,3.037,840116,78105050,235.965,2.538,849149,2.565,17.283,0.058,tests performed,67.13,331002647,35.608,38.3,15.413,9.732,54225.446,1.2,151.089,10.79,19.1,24.6,,2.77,78.86,0.924
USA,North America,United States,8/19/2020,5482416,44091,48744.143,171821,1324,1040.571,16563.058,133.204,147.262,519.093,4,3.144,955707,79060757,238.852,2.887,849578,2.567,17.429,0.057,tests performed,67.13,331002647,35.608,38.3,15.413,9.732,54225.446,1.2,151.089,10.79,19.1,24.6,,2.77,78.86,0.924
USA,North America,United States,8/20/2020,5529842,47426,47527.714,173177,1356,1021.429,16706.338,143.28,143.587,523.189,4.097,3.086,942065,80002822,241.698,2.846,835432,2.524,17.578,0.057,tests performed,67.13,331002647,35.608,38.3,15.413,9.732,54225.446,1.2,151.089,10.79,19.1,24.6,,2.77,78.86,0.924
USA,North America,United States,8/21/2020,5573847,44005,46515,174255,1078,1020.714,16839.282,132.945,140.528,526.446,3.257,3.084,920725,80923547,244.48,2.782,827994,2.501,17.801,0.056,tests performed,67.13,331002647,35.608,38.3,15.413,9.732,54225.446,1.2,151.089,10.79,19.1,24.6,,2.77,78.86,0.924
USA,North America,United States,8/22/2020,5623727,49880,44378.143,175406,1151,994.286,16989.976,150.694,134.072,529.923,3.477,3.004,778213,81701760,246.831,2.351,818689,2.473,18.448,0.054,tests performed,67.13,331002647,35.608,38.3,15.413,9.732,54225.446,1.2,151.089,10.79,19.1,24.6,,2.77,78.86,0.924
USA,North America,United States,8/23/2020,5668105,44378,43848.571,176362,956,983,17124.047,134.071,132.472,532.811,2.888,2.97,608326,82310086,248.669,1.838,816402,2.466,18.619,0.054,tests performed,67.13,331002647,35.608,38.3,15.413,9.732,54225.446,1.2,151.089,10.79,19.1,24.6,,2.77,78.86,0.924
USA,North America,United States,8/24/2020,5702611,34506,42763.143,176806,444,964.857,17228.294,104.247,129.193,534.153,1.341,2.915,633163,82943249,250.582,1.913,811188,2.451,18.969,0.053,tests performed,67.13,331002647,35.608,38.3,15.413,9.732,54225.446,1.2,151.089,10.79,19.1,24.6,,2.77,78.86,0.924
USA,North America,United States,8/25/2020,5740909,38298,43226.286,177279,473,968.857,17343.997,115.703,130.592,535.582,1.429,2.927,852817,83796066,253.158,2.576,813002,2.456,18.808,0.053,tests performed,67.13,331002647,35.608,38.3,15.413,9.732,54225.446,1.2,151.089,10.79,19.1,24.6,,2.77,78.86,0.924
USA,North America,United States,8/26/2020,5779028,38119,42373.143,178486,1207,952.143,17459.159,115.162,128.015,539.228,3.646,2.877,902294,84698360,255.884,2.726,805372,2.433,19.007,0.053,tests performed,67.13,331002647,35.608,38.3,15.413,9.732,54225.446,1.2,151.089,10.79,19.1,24.6,,2.77,78.86,0.924
USA,North America,United States,8/27/2020,5821876,42848,41719.143,179714,1228,933.857,17588.609,129.449,126.039,542.938,3.71,2.821,820174,85518534,258.362,2.478,787959,2.381,18.887,0.053,tests performed,67.13,331002647,35.608,38.3,15.413,9.732,54225.446,1.2,151.089,10.79,19.1,24.6,,2.77,78.86,0.924
USA,North America,United States,8/28/2020,5867785,45909,41991.143,180824,1110,938.429,17727.305,138.697,126.86,546.292,3.353,2.835,1112621,86631155,261.723,3.361,815373,2.463,19.418,0.051,tests performed,67.13,331002647,35.608,38.3,15.413,9.732,54225.446,1.2,151.089,10.79,19.1,24.6,,2.77,78.86,0.924
USA,North America,United States,8/29/2020,5917439,49654,41958.857,181773,949,909.571,17877.316,150.011,126.763,549.159,2.867,2.748,846167,87477322,264.28,2.556,825080,2.493,19.664,0.051,tests performed,67.13,331002647,35.608,38.3,15.413,9.732,54225.446,1.2,151.089,10.79,19.1,24.6,,2.77,78.86,0.924
USA,North America,United States,8/30/2020,5961582,44143,41925.286,182779,1006,916.714,18010.678,133.361,126.661,552.198,3.039,2.77,608624,88085946,266.119,1.839,825123,2.493,19.681,0.051,tests performed,67.13,331002647,35.608,38.3,15.413,9.732,54225.446,1.2,151.089,10.79,19.1,24.6,,2.77,78.86,0.924
USA,North America,United States,8/31/2020,5997163,35581,42078.857,183069,290,894.714,18118.172,107.495,127.125,553.074,0.876,2.703,676418,88762364,268.162,2.044,831302,2.511,19.756,0.051,tests performed,67.13,331002647,35.608,38.3,15.413,9.732,54225.446,1.2,151.089,10.79,19.1,24.6,,2.77,78.86,0.924
USA,North America,United States,9/1/2020,6031013,33850,41443.429,183598,529,902.714,18220.437,102.265,125.206,554.672,1.598,2.727,828757,89591121,270.666,2.504,827865,2.501,19.976,0.05,tests performed,67.13,331002647,35.608,38.3,15.413,9.732,54225.446,1.2,151.089,10.79,19.1,24.6,,2.77,78.86,0.924
USA,North America,United States,9/2/2020,6075652,44639,42374.857,184689,1091,886.143,18355.297,134.86,128.02,557.968,3.296,2.677,932701,90523822,273.484,2.818,832209,2.514,19.639,0.051,tests performed,67.13,331002647,35.608,38.3,15.413,9.732,54225.446,1.2,151.089,10.79,19.1,24.6,,2.77,78.86,0.924
USA,North America,United States,9/3/2020,6114406,38754,41790,185744,1055,861.429,18472.378,117.081,126.253,561.156,3.187,2.602,947681,91471503,276.347,2.863,850424,2.569,20.35,0.049,tests performed,67.13,331002647,35.608,38.3,15.413,9.732,54225.446,1.2,151.089,10.79,19.1,24.6,,2.77,78.86,0.924
USA,North America,United States,9/4/2020,6150655,36249,40410,186797,1053,853.286,18581.891,109.513,122.084,564.337,3.181,2.578,991169,92462672,279.341,2.994,833074,2.517,20.616,0.049,tests performed,67.13,331002647,35.608,38.3,15.413,9.732,54225.446,1.2,151.089,10.79,19.1,24.6,,2.77,78.86,0.924
USA,North America,United States,9/5/2020,6201726,51071,40612.429,187765,968,856,18736.182,154.292,122.695,567.261,2.924,2.586,699347,93162019,281.454,2.113,812100,2.453,19.996,0.05,tests performed,67.13,331002647,35.608,38.3,15.413,9.732,54225.446,1.2,151.089,10.79,19.1,24.6,,2.77,78.86,0.924
USA,North America,United States,9/6/2020,6245866,44140,40612,188538,773,822.714,18869.535,133.352,122.694,569.597,2.335,2.486,697742,93859761,283.562,2.108,824831,2.492,20.31,0.049,tests performed,67.13,331002647,35.608,38.3,15.413,9.732,54225.446,1.2,151.089,10.79,19.1,24.6,,2.77,78.86,0.924
USA,North America,United States,9/7/2020,6276421,30555,39894,188941,403,838.857,18961.845,92.31,120.525,570.814,1.218,2.534,414223,94273984,284.813,1.251,787374,2.379,19.737,0.051,tests performed,67.13,331002647,35.608,38.3,15.413,9.732,54225.446,1.2,151.089,10.79,19.1,24.6,,2.77,78.86,0.924
USA,North America,United States,9/8/2020,6300671,24250,38522.571,189208,267,801.429,19035.108,73.262,116.381,571.621,0.807,2.421,459290,94733274,286.201,1.388,734593,2.219,19.069,0.052,tests performed,67.13,331002647,35.608,38.3,15.413,9.732,54225.446,1.2,151.089,10.79,19.1,24.6,,2.77,78.86,0.924
USA,North America,United States,9/9/2020,6327793,27122,36020.143,189679,471,712.857,19117.047,81.939,108.821,573.044,1.423,2.154,,,,,,,,,,67.13,331002647,35.608,38.3,15.413,9.732,54225.446,1.2,151.089,10.79,19.1,24.6,,2.77,78.86,0.924
USA,North America,United States,9/10/2020,6359720,31927,35044.857,190815,1136,724.429,19213.502,96.455,105.875,576.476,3.432,2.189,,,,,,,,,,67.13,331002647,35.608,38.3,15.413,9.732,54225.446,1.2,151.089,10.79,19.1,24.6,,2.77,78.86,0.924
USA,North America,United States,9/11/2020,6397227,37507,35224.571,191789,974,713.143,19326.815,113.313,106.418,579.418,2.943,2.154,,,,,,,,,,67.13,331002647,35.608,38.3,15.413,9.732,54225.446,1.2,151.089,10.79,19.1,24.6,,2.77,78.86,0.924
USA,North America,United States,9/12/2020,6445288,48061,34794.571,193016,1227,750.143,19472.013,145.198,105.119,583.125,3.707,2.266,,,,,,,,,,,331002647,35.608,38.3,15.413,9.732,54225.446,1.2,151.089,10.79,19.1,24.6,,2.77,78.86,0.924
USA,North America,United States,9/13/2020,6486108,40820,34320.286,193701,685,737.571,19595.336,123.322,103.686,585.195,2.069,2.228,,,,,,,,,,,331002647,35.608,38.3,15.413,9.732,54225.446,1.2,151.089,10.79,19.1,24.6,,,80.58,
VIR,North America,United States Virgin Islands,3/24/2020,17,17,,0,0,,162.799,162.799,,0,0,,,,,,,,,,,,104423,306.48,42.2,18.601,10.799,,,273.67,12.26,,,,,80.58,
VIR,North America,United States Virgin Islands,3/25/2020,17,0,,0,0,,162.799,0,,0,0,,,,,,,,,,,,104423,306.48,42.2,18.601,10.799,,,273.67,12.26,,,,,80.58,
VIR,North America,United States Virgin Islands,3/26/2020,17,0,,0,0,,162.799,0,,0,0,,,,,,,,,,,,104423,306.48,42.2,18.601,10.799,,,273.67,12.26,,,,,80.58,
VIR,North America,United States Virgin Islands,3/27/2020,17,0,,0,0,,162.799,0,,0,0,,,,,,,,,,,,104423,306.48,42.2,18.601,10.799,,,273.67,12.26,,,,,80.58,
VIR,North America,United States Virgin Islands,3/28/2020,19,2,,0,0,,181.952,19.153,,0,0,,,,,,,,,,,,104423,306.48,42.2,18.601,10.799,,,273.67,12.26,,,,,80.58,
VIR,North America,United States Virgin Islands,3/29/2020,22,3,,0,0,,210.682,28.729,,0,0,,,,,,,,,,,,104423,306.48,42.2,18.601,10.799,,,273.67,12.26,,,,,80.58,
VIR,North America,United States Virgin Islands,3/30/2020,30,8,4.286,0,0,0,287.293,76.611,41.042,0,0,0,,,,,,,,,,,104423,306.48,42.2,18.601,10.799,,,273.67,12.26,,,,,80.58,
VIR,North America,United States Virgin Islands,3/31/2020,,,1.857,,,0,,,17.785,,,0,,,,,,,,,,,104423,306.48,42.2,18.601,10.799,,,273.67,12.26,,,,,80.58,
VIR,North America,United States Virgin Islands,4/1/2020,30,0,1.857,0,0,0,287.293,0,17.785,0,0,0,,,,,,,,,,,104423,306.48,42.2,18.601,10.799,,,273.67,12.26,,,,,80.58,
VIR,North America,United States Virgin Islands,4/2/2020,30,0,1.857,0,0,0,287.293,0,17.785,0,0,0,,,,,,,,,,,104423,306.48,42.2,18.601,10.799,,,273.67,12.26,,,,,80.58,
VIR,North America,United States Virgin Islands,4/3/2020,33,3,2.286,0,0,0,316.022,28.729,21.889,0,0,0,,,,,,,,,,,104423,306.48,42.2,18.601,10.799,,,273.67,12.26,,,,,80.58,
VIR,North America,United States Virgin Islands,4/4/2020,40,7,3,0,0,0,383.057,67.035,28.729,0,0,0,,,,,,,,,,,104423,306.48,42.2,18.601,10.799,,,273.67,12.26,,,,,80.58,
VIR,North America,United States Virgin Islands,4/5/2020,40,0,2.571,0,0,0,383.057,0,24.625,0,0,0,,,,,,,,,,,104423,306.48,42.2,18.601,10.799,,,273.67,12.26,,,,,80.58,
VIR,North America,United States Virgin Islands,4/6/2020,42,2,1.714,1,1,0.143,402.21,19.153,16.417,9.576,9.576,1.368,,,,,,,,,,,104423,306.48,42.2,18.601,10.799,,,273.67,12.26,,,,,80.58,
VIR,North America,United States Virgin Islands,4/7/2020,42,0,1.714,1,0,0.143,402.21,0,16.417,9.576,0,1.368,,,,,,,,,,,104423,306.48,42.2,18.601,10.799,,,273.67,12.26,,,,,80.58,
VIR,North America,United States Virgin Islands,4/8/2020,45,3,2.143,1,0,0.143,430.94,28.729,20.521,9.576,0,1.368,,,,,,,,,,,104423,306.48,42.2,18.601,10.799,,,273.67,12.26,,,,,80.58,
VIR,North America,United States Virgin Islands,4/9/2020,45,0,2.143,1,0,0.143,430.94,0,20.521,9.576,0,1.368,,,,,,,,,,,104423,306.48,42.2,18.601,10.799,,,273.67,12.26,,,,,80.58,
VIR,North America,United States Virgin Islands,4/10/2020,50,5,2.429,1,0,0.143,478.822,47.882,23.257,9.576,0,1.368,,,,,,,,,,,104423,306.48,42.2,18.601,10.799,,,273.67,12.26,,,,,80.58,
VIR,North America,United States Virgin Islands,4/11/2020,50,0,1.429,1,0,0.143,478.822,0,13.681,9.576,0,1.368,,,,,,,,,,,104423,306.48,42.2,18.601,10.799,,,273.67,12.26,,,,,80.58,
VIR,North America,United States Virgin Islands,4/12/2020,51,1,1.571,1,0,0.143,488.398,9.576,15.049,9.576,0,1.368,,,,,,,,,,,104423,306.48,42.2,18.601,10.799,,,273.67,12.26,,,,,80.58,
VIR,North America,United States Virgin Islands,4/13/2020,51,0,1.286,1,0,0,488.398,0,12.313,9.576,0,0,,,,,,,,,,,104423,306.48,42.2,18.601,10.799,,,273.67,12.26,,,,,80.58,
VIR,North America,United States Virgin Islands,4/14/2020,51,0,1.286,1,0,0,488.398,0,12.313,9.576,0,0,,,,,,,,,,,104423,306.48,42.2,18.601,10.799,,,273.67,12.26,,,,,80.58,
VIR,North America,United States Virgin Islands,4/15/2020,51,0,0.857,1,0,0,488.398,0,8.208,9.576,0,0,,,,,,,,,,,104423,306.48,42.2,18.601,10.799,,,273.67,12.26,,,,,80.58,
VIR,North America,United States Virgin Islands,4/16/2020,51,0,0.857,1,0,0,488.398,0,8.208,9.576,0,0,,,,,,,,,,,104423,306.48,42.2,18.601,10.799,,,273.67,12.26,,,,,80.58,
VIR,North America,United States Virgin Islands,4/17/2020,51,0,0.143,1,0,0,488.398,0,1.368,9.576,0,0,,,,,,,,,,,104423,306.48,42.2,18.601,10.799,,,273.67,12.26,,,,,80.58,
VIR,North America,United States Virgin Islands,4/18/2020,51,0,0.143,2,1,0.143,488.398,0,1.368,19.153,9.576,1.368,,,,,,,,,,,104423,306.48,42.2,18.601,10.799,,,273.67,12.26,,,,,80.58,
VIR,North America,United States Virgin Islands,4/19/2020,53,2,0.286,3,1,0.286,507.551,19.153,2.736,28.729,9.576,2.736,,,,,,,,,,,104423,306.48,42.2,18.601,10.799,,,273.67,12.26,,,,,80.58,
VIR,North America,United States Virgin Islands,4/20/2020,53,0,0.286,3,0,0.286,507.551,0,2.736,28.729,0,2.736,,,,,,,,,,,104423,306.48,42.2,18.601,10.799,,,273.67,12.26,,,,,80.58,
VIR,North America,United States Virgin Islands,4/21/2020,54,1,0.429,3,0,0.286,517.127,9.576,4.104,28.729,0,2.736,,,,,,,,,,,104423,306.48,42.2,18.601,10.799,,,273.67,12.26,,,,,80.58,
VIR,North America,United States Virgin Islands,4/22/2020,54,0,0.429,3,0,0.286,517.127,0,4.104,28.729,0,2.736,,,,,,,,,,,104423,306.48,42.2,18.601,10.799,,,273.67,12.26,,,,,80.58,
VIR,North America,United States Virgin Islands,4/23/2020,54,0,0.429,3,0,0.286,517.127,0,4.104,28.729,0,2.736,,,,,,,,,,,104423,306.48,42.2,18.601,10.799,,,273.67,12.26,,,,,80.58,
VIR,North America,United States Virgin Islands,4/24/2020,54,0,0.429,3,0,0.286,517.127,0,4.104,28.729,0,2.736,,,,,,,,,,,104423,306.48,42.2,18.601,10.799,,,273.67,12.26,,,,,80.58,
VIR,North America,United States Virgin Islands,4/25/2020,54,0,0.429,3,0,0.143,517.127,0,4.104,28.729,0,1.368,,,,,,,,,,,104423,306.48,42.2,18.601,10.799,,,273.67,12.26,,,,,80.58,
VIR,North America,United States Virgin Islands,4/26/2020,55,1,0.286,3,0,0,526.704,9.576,2.736,28.729,0,0,,,,,,,,,,,104423,306.48,42.2,18.601,10.799,,,273.67,12.26,,,,,80.58,
VIR,North America,United States Virgin Islands,4/27/2020,55,0,0.286,3,0,0,526.704,0,2.736,28.729,0,0,,,,,,,,,,,104423,306.48,42.2,18.601,10.799,,,273.67,12.26,,,,,80.58,
VIR,North America,United States Virgin Islands,4/28/2020,59,4,0.714,4,1,0.143,565.01,38.306,6.84,38.306,9.576,1.368,,,,,,,,,,,104423,306.48,42.2,18.601,10.799,,,273.67,12.26,,,,,80.58,
VIR,North America,United States Virgin Islands,4/29/2020,59,0,0.714,4,0,0.143,565.01,0,6.84,38.306,0,1.368,,,,,,,,,,,104423,306.48,42.2,18.601,10.799,,,273.67,12.26,,,,,80.58,
VIR,North America,United States Virgin Islands,4/30/2020,66,7,1.714,4,0,0.143,632.045,67.035,16.417,38.306,0,1.368,,,,,,,,,,,104423,306.48,42.2,18.601,10.799,,,273.67,12.26,,,,,80.58,
VIR,North America,United States Virgin Islands,5/1/2020,66,0,1.714,4,0,0.143,632.045,0,16.417,38.306,0,1.368,,,,,,,,,,,104423,306.48,42.2,18.601,10.799,,,273.67,12.26,,,,,80.58,
VIR,North America,United States Virgin Islands,5/2/2020,66,0,1.714,4,0,0.143,632.045,0,16.417,38.306,0,1.368,,,,,,,,,,,104423,306.48,42.2,18.601,10.799,,,273.67,12.26,,,,,80.58,
VIR,North America,United States Virgin Islands,5/3/2020,66,0,1.571,4,0,0.143,632.045,0,15.049,38.306,0,1.368,,,,,,,,,,,104423,306.48,42.2,18.601,10.799,,,273.67,12.26,,,,,80.58,
VIR,North America,United States Virgin Islands,5/4/2020,66,0,1.571,4,0,0.143,632.045,0,15.049,38.306,0,1.368,,,,,,,,,,,104423,306.48,42.2,18.601,10.799,,,273.67,12.26,,,,,80.58,
VIR,North America,United States Virgin Islands,5/5/2020,66,0,1,4,0,0,632.045,0,9.576,38.306,0,0,,,,,,,,,,,104423,306.48,42.2,18.601,10.799,,,273.67,12.26,,,,,80.58,
VIR,North America,United States Virgin Islands,5/6/2020,66,0,1,4,0,0,632.045,0,9.576,38.306,0,0,,,,,,,,,,,104423,306.48,42.2,18.601,10.799,,,273.67,12.26,,,,,80.58,
VIR,North America,United States Virgin Islands,5/7/2020,66,0,0,4,0,0,632.045,0,0,38.306,0,0,,,,,,,,,,,104423,306.48,42.2,18.601,10.799,,,273.67,12.26,,,,,80.58,
VIR,North America,United States Virgin Islands,5/8/2020,66,0,0,4,0,0,632.045,0,0,38.306,0,0,,,,,,,,,,,104423,306.48,42.2,18.601,10.799,,,273.67,12.26,,,,,80.58,
VIR,North America,United States Virgin Islands,5/9/2020,68,2,0.286,4,0,0,651.198,19.153,2.736,38.306,0,0,,,,,,,,,,,104423,306.48,42.2,18.601,10.799,,,273.67,12.26,,,,,80.58,
VIR,North America,United States Virgin Islands,5/10/2020,69,1,0.429,4,0,0,660.774,9.576,4.104,38.306,0,0,,,,,,,,,,,104423,306.48,42.2,18.601,10.799,,,273.67,12.26,,,,,80.58,
VIR,North America,United States Virgin Islands,5/11/2020,69,0,0.429,4,0,0,660.774,0,4.104,38.306,0,0,,,,,,,,,,,104423,306.48,42.2,18.601,10.799,,,273.67,12.26,,,,,80.58,
VIR,North America,United States Virgin Islands,5/12/2020,69,0,0.429,5,1,0.143,660.774,0,4.104,47.882,9.576,1.368,,,,,,,,,,,104423,306.48,42.2,18.601,10.799,,,273.67,12.26,,,,,80.58,
VIR,North America,United States Virgin Islands,5/13/2020,69,0,0.429,5,0,0.143,660.774,0,4.104,47.882,0,1.368,,,,,,,,,,,104423,306.48,42.2,18.601,10.799,,,273.67,12.26,,,,,80.58,
VIR,North America,United States Virgin Islands,5/14/2020,69,0,0.429,6,1,0.286,660.774,0,4.104,57.459,9.576,2.736,,,,,,,,,,,104423,306.48,42.2,18.601,10.799,,,273.67,12.26,,,,,80.58,
VIR,North America,United States Virgin Islands,5/15/2020,69,0,0.429,6,0,0.286,660.774,0,4.104,57.459,0,2.736,,,,,,,,,,,104423,306.48,42.2,18.601,10.799,,,273.67,12.26,,,,,80.58,
VIR,North America,United States Virgin Islands,5/16/2020,69,0,0.143,6,0,0.286,660.774,0,1.368,57.459,0,2.736,,,,,,,,,,,104423,306.48,42.2,18.601,10.799,,,273.67,12.26,,,,,80.58,
VIR,North America,United States Virgin Islands,5/17/2020,69,0,0,6,0,0.286,660.774,0,0,57.459,0,2.736,,,,,,,,,,,104423,306.48,42.2,18.601,10.799,,,273.67,12.26,,,,,80.58,
VIR,North America,United States Virgin Islands,5/18/2020,69,0,0,6,0,0.286,660.774,0,0,57.459,0,2.736,,,,,,,,,,,104423,306.48,42.2,18.601,10.799,,,273.67,12.26,,,,,80.58,
VIR,North America,United States Virgin Islands,5/19/2020,69,0,0,6,0,0.143,660.774,0,0,57.459,0,1.368,,,,,,,,,,,104423,306.48,42.2,18.601,10.799,,,273.67,12.26,,,,,80.58,
VIR,North America,United States Virgin Islands,5/20/2020,69,0,0,6,0,0.143,660.774,0,0,57.459,0,1.368,,,,,,,,,,,104423,306.48,42.2,18.601,10.799,,,273.67,12.26,,,,,80.58,
VIR,North America,United States Virgin Islands,5/21/2020,69,0,0,6,0,0,660.774,0,0,57.459,0,0,,,,,,,,,,,104423,306.48,42.2,18.601,10.799,,,273.67,12.26,,,,,80.58,
VIR,North America,United States Virgin Islands,5/22/2020,69,0,0,6,0,0,660.774,0,0,57.459,0,0,,,,,,,,,,,104423,306.48,42.2,18.601,10.799,,,273.67,12.26,,,,,80.58,
VIR,North America,United States Virgin Islands,5/23/2020,69,0,0,6,0,0,660.774,0,0,57.459,0,0,,,,,,,,,,,104423,306.48,42.2,18.601,10.799,,,273.67,12.26,,,,,80.58,
VIR,North America,United States Virgin Islands,5/24/2020,69,0,0,6,0,0,660.774,0,0,57.459,0,0,,,,,,,,,,,104423,306.48,42.2,18.601,10.799,,,273.67,12.26,,,,,80.58,
VIR,North America,United States Virgin Islands,5/25/2020,69,0,0,6,0,0,660.774,0,0,57.459,0,0,,,,,,,,,,,104423,306.48,42.2,18.601,10.799,,,273.67,12.26,,,,,80.58,
VIR,North America,United States Virgin Islands,5/26/2020,69,0,0,6,0,0,660.774,0,0,57.459,0,0,,,,,,,,,,,104423,306.48,42.2,18.601,10.799,,,273.67,12.26,,,,,80.58,
VIR,North America,United States Virgin Islands,5/27/2020,69,0,0,6,0,0,660.774,0,0,57.459,0,0,,,,,,,,,,,104423,306.48,42.2,18.601,10.799,,,273.67,12.26,,,,,80.58,
VIR,North America,United States Virgin Islands,5/28/2020,69,0,0,6,0,0,660.774,0,0,57.459,0,0,,,,,,,,,,,104423,306.48,42.2,18.601,10.799,,,273.67,12.26,,,,,80.58,
VIR,North America,United States Virgin Islands,5/29/2020,69,0,0,6,0,0,660.774,0,0,57.459,0,0,,,,,,,,,,,104423,306.48,42.2,18.601,10.799,,,273.67,12.26,,,,,80.58,
VIR,North America,United States Virgin Islands,5/30/2020,69,0,0,6,0,0,660.774,0,0,57.459,0,0,,,,,,,,,,,104423,306.48,42.2,18.601,10.799,,,273.67,12.26,,,,,80.58,
VIR,North America,United States Virgin Islands,5/31/2020,69,0,0,6,0,0,660.774,0,0,57.459,0,0,,,,,,,,,,,104423,306.48,42.2,18.601,10.799,,,273.67,12.26,,,,,80.58,
VIR,North America,United States Virgin Islands,6/1/2020,69,0,0,6,0,0,660.774,0,0,57.459,0,0,,,,,,,,,,,104423,306.48,42.2,18.601,10.799,,,273.67,12.26,,,,,80.58,
VIR,North America,United States Virgin Islands,6/2/2020,70,1,0.143,6,0,0,670.35,9.576,1.368,57.459,0,0,,,,,,,,,,,104423,306.48,42.2,18.601,10.799,,,273.67,12.26,,,,,80.58,
VIR,North America,United States Virgin Islands,6/3/2020,70,0,0.143,6,0,0,670.35,0,1.368,57.459,0,0,,,,,,,,,,,104423,306.48,42.2,18.601,10.799,,,273.67,12.26,,,,,80.58,
VIR,North America,United States Virgin Islands,6/4/2020,70,0,0.143,6,0,0,670.35,0,1.368,57.459,0,0,,,,,,,,,,,104423,306.48,42.2,18.601,10.799,,,273.67,12.26,,,,,80.58,
VIR,North America,United States Virgin Islands,6/5/2020,71,1,0.286,6,0,0,679.927,9.576,2.736,57.459,0,0,,,,,,,,,,,104423,306.48,42.2,18.601,10.799,,,273.67,12.26,,,,,80.58,
VIR,North America,United States Virgin Islands,6/6/2020,71,0,0.286,6,0,0,679.927,0,2.736,57.459,0,0,,,,,,,,,,,104423,306.48,42.2,18.601,10.799,,,273.67,12.26,,,,,80.58,
VIR,North America,United States Virgin Islands,6/7/2020,71,0,0.286,6,0,0,679.927,0,2.736,57.459,0,0,,,,,,,,,,,104423,306.48,42.2,18.601,10.799,,,273.67,12.26,,,,,80.58,
VIR,North America,United States Virgin Islands,6/8/2020,71,0,0.286,6,0,0,679.927,0,2.736,57.459,0,0,,,,,,,,,,,104423,306.48,42.2,18.601,10.799,,,273.67,12.26,,,,,80.58,
VIR,North America,United States Virgin Islands,6/9/2020,71,0,0.143,6,0,0,679.927,0,1.368,57.459,0,0,,,,,,,,,,,104423,306.48,42.2,18.601,10.799,,,273.67,12.26,,,,,80.58,
VIR,North America,United States Virgin Islands,6/10/2020,71,0,0.143,6,0,0,679.927,0,1.368,57.459,0,0,,,,,,,,,,,104423,306.48,42.2,18.601,10.799,,,273.67,12.26,,,,,80.58,
VIR,North America,United States Virgin Islands,6/11/2020,72,1,0.286,6,0,0,689.503,9.576,2.736,57.459,0,0,,,,,,,,,,,104423,306.48,42.2,18.601,10.799,,,273.67,12.26,,,,,80.58,
VIR,North America,United States Virgin Islands,6/12/2020,72,0,0.143,6,0,0,689.503,0,1.368,57.459,0,0,,,,,,,,,,,104423,306.48,42.2,18.601,10.799,,,273.67,12.26,,,,,80.58,
VIR,North America,United States Virgin Islands,6/13/2020,72,0,0.143,6,0,0,689.503,0,1.368,57.459,0,0,,,,,,,,,,,104423,306.48,42.2,18.601,10.799,,,273.67,12.26,,,,,80.58,
VIR,North America,United States Virgin Islands,6/14/2020,72,0,0.143,6,0,0,689.503,0,1.368,57.459,0,0,,,,,,,,,,,104423,306.48,42.2,18.601,10.799,,,273.67,12.26,,,,,80.58,
VIR,North America,United States Virgin Islands,6/15/2020,73,1,0.286,6,0,0,699.08,9.576,2.736,57.459,0,0,,,,,,,,,,,104423,306.48,42.2,18.601,10.799,,,273.67,12.26,,,,,80.58,
VIR,North America,United States Virgin Islands,6/16/2020,73,0,0.286,6,0,0,699.08,0,2.736,57.459,0,0,,,,,,,,,,,104423,306.48,42.2,18.601,10.799,,,273.67,12.26,,,,,80.58,
VIR,North America,United States Virgin Islands,6/17/2020,73,0,0.286,6,0,0,699.08,0,2.736,57.459,0,0,,,,,,,,,,,104423,306.48,42.2,18.601,10.799,,,273.67,12.26,,,,,80.58,
VIR,North America,United States Virgin Islands,6/18/2020,73,0,0.143,6,0,0,699.08,0,1.368,57.459,0,0,,,,,,,,,,,104423,306.48,42.2,18.601,10.799,,,273.67,12.26,,,,,80.58,
VIR,North America,United States Virgin Islands,6/19/2020,73,0,0.143,6,0,0,699.08,0,1.368,57.459,0,0,,,,,,,,,,,104423,306.48,42.2,18.601,10.799,,,273.67,12.26,,,,,80.58,
VIR,North America,United States Virgin Islands,6/20/2020,74,1,0.286,6,0,0,708.656,9.576,2.736,57.459,0,0,,,,,,,,,,,104423,306.48,42.2,18.601,10.799,,,273.67,12.26,,,,,80.58,
VIR,North America,United States Virgin Islands,6/21/2020,74,0,0.286,6,0,0,708.656,0,2.736,57.459,0,0,,,,,,,,,,,104423,306.48,42.2,18.601,10.799,,,273.67,12.26,,,,,80.58,
VIR,North America,United States Virgin Islands,6/22/2020,76,2,0.429,6,0,0,727.809,19.153,4.104,57.459,0,0,,,,,,,,,,,104423,306.48,42.2,18.601,10.799,,,273.67,12.26,,,,,80.58,
VIR,North America,United States Virgin Islands,6/23/2020,76,0,0.429,6,0,0,727.809,0,4.104,57.459,0,0,,,,,,,,,,,104423,306.48,42.2,18.601,10.799,,,273.67,12.26,,,,,80.58,
VIR,North America,United States Virgin Islands,6/24/2020,76,0,0.429,6,0,0,727.809,0,4.104,57.459,0,0,,,,,,,,,,,104423,306.48,42.2,18.601,10.799,,,273.67,12.26,,,,,80.58,
VIR,North America,United States Virgin Islands,6/25/2020,80,4,1,6,0,0,766.115,38.306,9.576,57.459,0,0,,,,,,,,,,,104423,306.48,42.2,18.601,10.799,,,273.67,12.26,,,,,80.58,
VIR,North America,United States Virgin Islands,6/26/2020,81,1,1.143,6,0,0,775.691,9.576,10.944,57.459,0,0,,,,,,,,,,,104423,306.48,42.2,18.601,10.799,,,273.67,12.26,,,,,80.58,
VIR,North America,United States Virgin Islands,6/27/2020,81,0,1,6,0,0,775.691,0,9.576,57.459,0,0,,,,,,,,,,,104423,306.48,42.2,18.601,10.799,,,273.67,12.26,,,,,80.58,
VIR,North America,United States Virgin Islands,6/28/2020,81,0,1,6,0,0,775.691,0,9.576,57.459,0,0,,,,,,,,,,,104423,306.48,42.2,18.601,10.799,,,273.67,12.26,,,,,80.58,
VIR,North America,United States Virgin Islands,6/29/2020,81,0,0.714,6,0,0,775.691,0,6.84,57.459,0,0,,,,,,,,,,,104423,306.48,42.2,18.601,10.799,,,273.67,12.26,,,,,80.58,
VIR,North America,United States Virgin Islands,6/30/2020,84,3,1.143,6,0,0,804.42,28.729,10.944,57.459,0,0,,,,,,,,,,,104423,306.48,42.2,18.601,10.799,,,273.67,12.26,,,,,80.58,
VIR,North America,United States Virgin Islands,7/1/2020,84,0,1.143,6,0,0,804.42,0,10.944,57.459,0,0,,,,,,,,,,,104423,306.48,42.2,18.601,10.799,,,273.67,12.26,,,,,80.58,
VIR,North America,United States Virgin Islands,7/2/2020,92,8,1.714,6,0,0,881.032,76.611,16.417,57.459,0,0,,,,,,,,,,,104423,306.48,42.2,18.601,10.799,,,273.67,12.26,,,,,80.58,
VIR,North America,United States Virgin Islands,7/3/2020,98,6,2.429,6,0,0,938.491,57.459,23.257,57.459,0,0,,,,,,,,,,,104423,306.48,42.2,18.601,10.799,,,273.67,12.26,,,,,80.58,
VIR,North America,United States Virgin Islands,7/4/2020,111,13,4.286,6,0,0,1062.984,124.494,41.042,57.459,0,0,,,,,,,,,,,104423,306.48,42.2,18.601,10.799,,,273.67,12.26,,,,,80.58,
VIR,North America,United States Virgin Islands,7/5/2020,111,0,4.286,6,0,0,1062.984,0,41.042,57.459,0,0,,,,,,,,,,,104423,306.48,42.2,18.601,10.799,,,273.67,12.26,,,,,80.58,
VIR,North America,United States Virgin Islands,7/6/2020,112,1,4.429,6,0,0,1072.561,9.576,42.41,57.459,0,0,,,,,,,,,,,104423,306.48,42.2,18.601,10.799,,,273.67,12.26,,,,,80.58,
VIR,North America,United States Virgin Islands,7/7/2020,116,4,4.571,6,0,0,1110.866,38.306,43.778,57.459,0,0,,,,,,,,,,,104423,306.48,42.2,18.601,10.799,,,273.67,12.26,,,,,80.58,
VIR,North America,United States Virgin Islands,7/8/2020,122,6,5.429,6,0,0,1168.325,57.459,51.986,57.459,0,0,,,,,,,,,,,104423,306.48,42.2,18.601,10.799,,,273.67,12.26,,,,,80.58,
VIR,North America,United States Virgin Islands,7/9/2020,144,22,7.429,6,0,0,1379.007,210.682,71.139,57.459,0,0,,,,,,,,,,,104423,306.48,42.2,18.601,10.799,,,273.67,12.26,,,,,80.58,
VIR,North America,United States Virgin Islands,7/10/2020,153,9,7.857,6,0,0,1465.194,86.188,75.243,57.459,0,0,,,,,,,,,,,104423,306.48,42.2,18.601,10.799,,,273.67,12.26,,,,,80.58,
VIR,North America,United States Virgin Islands,7/11/2020,167,14,8,6,0,0,1599.265,134.07,76.611,57.459,0,0,,,,,,,,,,,104423,306.48,42.2,18.601,10.799,,,273.67,12.26,,,,,80.58,
VIR,North America,United States Virgin Islands,7/12/2020,181,14,10,6,0,0,1733.335,134.07,95.764,57.459,0,0,,,,,,,,,,,104423,306.48,42.2,18.601,10.799,,,273.67,12.26,,,,,80.58,
VIR,North America,United States Virgin Islands,7/13/2020,181,0,9.857,6,0,0,1733.335,0,94.396,57.459,0,0,,,,,,,,,,,104423,306.48,42.2,18.601,10.799,,,273.67,12.26,,,,,80.58,
VIR,North America,United States Virgin Islands,7/14/2020,217,36,14.429,6,0,0,2078.086,344.752,138.174,57.459,0,0,,,,,,,,,,,104423,306.48,42.2,18.601,10.799,,,273.67,12.26,,,,,80.58,
VIR,North America,United States Virgin Islands,7/15/2020,217,0,13.571,6,0,0,2078.086,0,129.966,57.459,0,0,,,,,,,,,,,104423,306.48,42.2,18.601,10.799,,,273.67,12.26,,,,,80.58,
VIR,North America,United States Virgin Islands,7/16/2020,249,32,15,6,0,0,2384.532,306.446,143.647,57.459,0,0,,,,,,,,,,,104423,306.48,42.2,18.601,10.799,,,273.67,12.26,,,,,80.58,
VIR,North America,United States Virgin Islands,7/17/2020,263,14,15.714,6,0,0,2518.602,134.07,150.487,57.459,0,0,,,,,,,,,,,104423,306.48,42.2,18.601,10.799,,,273.67,12.26,,,,,80.58,
VIR,North America,United States Virgin Islands,7/18/2020,283,20,16.571,6,0,0,2710.131,191.529,158.695,57.459,0,0,,,,,,,,,,,104423,306.48,42.2,18.601,10.799,,,273.67,12.26,,,,,80.58,
VIR,North America,United States Virgin Islands,7/19/2020,297,14,16.571,6,0,0,2844.201,134.07,158.695,57.459,0,0,,,,,,,,,,,104423,306.48,42.2,18.601,10.799,,,273.67,12.26,,,,,80.58,
VIR,North America,United States Virgin Islands,7/20/2020,297,0,16.571,6,0,0,2844.201,0,158.695,57.459,0,0,,,,,,,,,,,104423,306.48,42.2,18.601,10.799,,,273.67,12.26,,,,,80.58,
VIR,North America,United States Virgin Islands,7/21/2020,308,11,13,6,0,0,2949.542,105.341,124.494,57.459,0,0,,,,,,,,,,,104423,306.48,42.2,18.601,10.799,,,273.67,12.26,,,,,80.58,
VIR,North America,United States Virgin Islands,7/22/2020,320,12,14.714,7,1,0.143,3064.459,114.917,140.91,67.035,9.576,1.368,,,,,,,,,,,104423,306.48,42.2,18.601,10.799,,,273.67,12.26,,,,,80.58,
VIR,North America,United States Virgin Islands,7/23/2020,336,16,12.429,7,0,0.143,3217.682,153.223,119.021,67.035,0,1.368,,,,,,,,,,,104423,306.48,42.2,18.601,10.799,,,273.67,12.26,,,,,80.58,
VIR,North America,United States Virgin Islands,7/24/2020,336,0,10.429,7,0,0.143,3217.682,0,99.869,67.035,0,1.368,,,,,,,,,,,104423,306.48,42.2,18.601,10.799,,,273.67,12.26,,,,,80.58,
VIR,North America,United States Virgin Islands,7/25/2020,352,16,9.857,7,0,0.143,3370.905,153.223,94.396,67.035,0,1.368,,,,,,,,,,,104423,306.48,42.2,18.601,10.799,,,273.67,12.26,,,,,80.58,
VIR,North America,United States Virgin Islands,7/26/2020,352,0,7.857,7,0,0.143,3370.905,0,75.243,67.035,0,1.368,,,,,,,,,,,104423,306.48,42.2,18.601,10.799,,,273.67,12.26,,,,,80.58,
VIR,North America,United States Virgin Islands,7/27/2020,361,9,9.143,7,0,0.143,3457.093,86.188,87.556,67.035,0,1.368,,,,,,,,,,,104423,306.48,42.2,18.601,10.799,,,273.67,12.26,,,,,80.58,
VIR,North America,United States Virgin Islands,7/28/2020,364,3,8,7,0,0.143,3485.822,28.729,76.611,67.035,0,1.368,,,,,,,,,,,104423,306.48,42.2,18.601,10.799,,,273.67,12.26,,,,,80.58,
VIR,North America,United States Virgin Islands,7/29/2020,385,21,9.286,8,1,0.143,3686.927,201.105,88.924,76.611,9.576,1.368,,,,,,,,,,,104423,306.48,42.2,18.601,10.799,,,273.67,12.26,,,,,80.58,
VIR,North America,United States Virgin Islands,7/30/2020,385,0,7,8,0,0.143,3686.927,0,67.035,76.611,0,1.368,,,,,,,,,,,104423,306.48,42.2,18.601,10.799,,,273.67,12.26,,,,,80.58,
VIR,North America,United States Virgin Islands,7/31/2020,385,0,7,8,0,0.143,3686.927,0,67.035,76.611,0,1.368,,,,,,,,,,,104423,306.48,42.2,18.601,10.799,,,273.67,12.26,,,,,80.58,
VIR,North America,United States Virgin Islands,8/1/2020,406,21,7.714,8,0,0.143,3888.032,201.105,73.875,76.611,0,1.368,,,,,,,,,,,104423,306.48,42.2,18.601,10.799,,,273.67,12.26,,,,,80.58,
VIR,North America,United States Virgin Islands,8/2/2020,421,15,9.857,8,0,0.143,4031.679,143.647,94.396,76.611,0,1.368,,,,,,,,,,,104423,306.48,42.2,18.601,10.799,,,273.67,12.26,,,,,80.58,
VIR,North America,United States Virgin Islands,8/3/2020,421,0,8.571,8,0,0.143,4031.679,0,82.084,76.611,0,1.368,,,,,,,,,,,104423,306.48,42.2,18.601,10.799,,,273.67,12.26,,,,,80.58,
VIR,North America,United States Virgin Islands,8/4/2020,439,18,10.714,8,0,0.143,4204.055,172.376,102.605,76.611,0,1.368,,,,,,,,,,,104423,306.48,42.2,18.601,10.799,,,273.67,12.26,,,,,80.58,
VIR,North America,United States Virgin Islands,8/5/2020,463,24,11.143,8,0,0,4433.889,229.834,106.709,76.611,0,0,,,,,,,,,,,104423,306.48,42.2,18.601,10.799,,,273.67,12.26,,,,,80.58,
VIR,North America,United States Virgin Islands,8/6/2020,501,38,16.571,9,1,0.143,4797.794,363.905,158.695,86.188,9.576,1.368,,,,,,,,,,,104423,306.48,42.2,18.601,10.799,,,273.67,12.26,,,,,80.58,
VIR,North America,United States Virgin Islands,8/7/2020,522,21,19.571,9,0,0.143,4998.899,201.105,187.425,86.188,0,1.368,,,,,,,,,,,104423,306.48,42.2,18.601,10.799,,,273.67,12.26,,,,,80.58,
VIR,North America,United States Virgin Islands,8/8/2020,528,6,17.429,9,0,0.143,5056.357,57.459,166.904,86.188,0,1.368,,,,,,,,,,,104423,306.48,42.2,18.601,10.799,,,273.67,12.26,,,,,80.58,
VIR,North America,United States Virgin Islands,8/9/2020,547,19,18,9,0,0.143,5238.31,181.952,172.376,86.188,0,1.368,,,,,,,,,,,104423,306.48,42.2,18.601,10.799,,,273.67,12.26,,,,,80.58,
VIR,North America,United States Virgin Islands,8/10/2020,547,0,18,9,0,0.143,5238.31,0,172.376,86.188,0,1.368,,,,,,,,,,,104423,306.48,42.2,18.601,10.799,,,273.67,12.26,,,,,80.58,
VIR,North America,United States Virgin Islands,8/11/2020,547,0,15.429,9,0,0.143,5238.31,0,147.751,86.188,0,1.368,,,,,,,,,,,104423,306.48,42.2,18.601,10.799,,,273.67,12.26,,,,,80.58,
VIR,North America,United States Virgin Islands,8/12/2020,639,92,25.143,9,0,0.143,6119.342,881.032,240.779,86.188,0,1.368,,,,,,,,,,,104423,306.48,42.2,18.601,10.799,,,273.67,12.26,,,,,80.58,
VIR,North America,United States Virgin Islands,8/13/2020,639,0,19.714,9,0,0,6119.342,0,188.793,86.188,0,0,,,,,,,,,,,104423,306.48,42.2,18.601,10.799,,,273.67,12.26,,,,,80.58,
VIR,North America,United States Virgin Islands,8/14/2020,704,65,26,9,0,0,6741.81,622.468,248.987,86.188,0,0,,,,,,,,,,,104423,306.48,42.2,18.601,10.799,,,273.67,12.26,,,,,80.58,
VIR,North America,United States Virgin Islands,8/15/2020,734,30,29.429,9,0,0,7029.103,287.293,281.821,86.188,0,0,,,,,,,,,,,104423,306.48,42.2,18.601,10.799,,,273.67,12.26,,,,,80.58,
VIR,North America,United States Virgin Islands,8/16/2020,734,0,26.714,9,0,0,7029.103,0,255.828,86.188,0,0,,,,,,,,,,,104423,306.48,42.2,18.601,10.799,,,273.67,12.26,,,,,80.58,
VIR,North America,United States Virgin Islands,8/17/2020,741,7,27.714,9,0,0,7096.138,67.035,265.404,86.188,0,0,,,,,,,,,,,104423,306.48,42.2,18.601,10.799,,,273.67,12.26,,,,,80.58,
VIR,North America,United States Virgin Islands,8/18/2020,796,55,35.571,9,0,0,7622.842,526.704,340.647,86.188,0,0,,,,,,,,,,,104423,306.48,42.2,18.601,10.799,,,273.67,12.26,,,,,80.58,
VIR,North America,United States Virgin Islands,8/19/2020,796,0,22.429,9,0,0,7622.842,0,214.786,86.188,0,0,,,,,,,,,,,104423,306.48,42.2,18.601,10.799,,,273.67,12.26,,,,,80.58,
VIR,North America,United States Virgin Islands,8/20/2020,828,32,27,9,0,0,7929.288,306.446,258.564,86.188,0,0,,,,,,,,,,,104423,306.48,42.2,18.601,10.799,,,273.67,12.26,,,,,80.58,
VIR,North America,United States Virgin Islands,8/21/2020,869,41,23.571,10,1,0.143,8321.921,392.634,225.73,95.764,9.576,1.368,,,,,,,,,,,104423,306.48,42.2,18.601,10.799,,,273.67,12.26,,,,,80.58,
VIR,North America,United States Virgin Islands,8/22/2020,932,63,28.286,10,0,0.143,8925.237,603.315,270.876,95.764,0,1.368,,,,,,,,,,,104423,306.48,42.2,18.601,10.799,,,273.67,12.26,,,,,80.58,
VIR,North America,United States Virgin Islands,8/23/2020,932,0,28.286,10,0,0.143,8925.237,0,270.876,95.764,0,1.368,,,,,,,,,,,104423,306.48,42.2,18.601,10.799,,,273.67,12.26,,,,,80.58,
VIR,North America,United States Virgin Islands,8/24/2020,984,52,34.714,11,1,0.286,9423.211,497.975,332.439,105.341,9.576,2.736,,,,,,,,,,,104423,306.48,42.2,18.601,10.799,,,273.67,12.26,,,,,80.58,
VIR,North America,United States Virgin Islands,8/25/2020,998,14,28.857,12,1,0.429,9557.281,134.07,276.349,114.917,9.576,4.104,,,,,,,,,,,104423,306.48,42.2,18.601,10.799,,,273.67,12.26,,,,,80.58,
VIR,North America,United States Virgin Islands,8/26/2020,1030,32,33.429,14,2,0.714,9863.727,306.446,320.127,134.07,19.153,6.84,,,,,,,,,,,104423,306.48,42.2,18.601,10.799,,,273.67,12.26,,,,,80.58,
VIR,North America,United States Virgin Islands,8/27/2020,1030,0,28.857,14,0,0.714,9863.727,0,276.349,134.07,0,6.84,,,,,,,,,,,104423,306.48,42.2,18.601,10.799,,,273.67,12.26,,,,,80.58,
VIR,North America,United States Virgin Islands,8/28/2020,1075,45,29.429,14,0,0.571,10294.667,430.94,281.821,134.07,0,5.472,,,,,,,,,,,104423,306.48,42.2,18.601,10.799,,,273.67,12.26,,,,,80.58,
VIR,North America,United States Virgin Islands,8/29/2020,1075,0,20.429,14,0,0.571,10294.667,0,195.633,134.07,0,5.472,,,,,,,,,,,104423,306.48,42.2,18.601,10.799,,,273.67,12.26,,,,,80.58,
VIR,North America,United States Virgin Islands,8/30/2020,1129,54,28.143,14,0,0.571,10811.794,517.127,269.508,134.07,0,5.472,,,,,,,,,,,104423,306.48,42.2,18.601,10.799,,,273.67,12.26,,,,,80.58,
VIR,North America,United States Virgin Islands,8/31/2020,1134,5,21.429,14,0,0.429,10859.677,47.882,205.209,134.07,0,4.104,,,,,,,,,,,104423,306.48,42.2,18.601,10.799,,,273.67,12.26,,,,,80.58,
VIR,North America,United States Virgin Islands,9/1/2020,1139,5,20.143,15,1,0.429,10907.559,47.882,192.897,143.647,9.576,4.104,,,,,,,,,,,104423,306.48,42.2,18.601,10.799,,,273.67,12.26,,,,,80.58,
VIR,North America,United States Virgin Islands,9/2/2020,1143,4,16.143,15,0,0.143,10945.864,38.306,154.591,143.647,0,1.368,,,,,,,,,,,104423,306.48,42.2,18.601,10.799,,,273.67,12.26,,,,,80.58,
VIR,North America,United States Virgin Islands,9/3/2020,1144,1,16.286,15,0,0.143,10955.441,9.576,155.959,143.647,0,1.368,,,,,,,,,,,104423,306.48,42.2,18.601,10.799,,,273.67,12.26,,,,,80.58,
VIR,North America,United States Virgin Islands,9/4/2020,1150,6,10.714,16,1,0.286,11012.899,57.459,102.605,153.223,9.576,2.736,,,,,,,,,,,104423,306.48,42.2,18.601,10.799,,,273.67,12.26,,,,,80.58,
VIR,North America,United States Virgin Islands,9/5/2020,1150,0,10.714,16,0,0.286,11012.899,0,102.605,153.223,0,2.736,,,,,,,,,,,104423,306.48,42.2,18.601,10.799,,,273.67,12.26,,,,,80.58,
VIR,North America,United States Virgin Islands,9/6/2020,1167,17,5.429,16,0,0.286,11175.699,162.799,51.986,153.223,0,2.736,,,,,,,,,,,104423,306.48,42.2,18.601,10.799,,,273.67,12.26,,,,,80.58,
VIR,North America,United States Virgin Islands,9/7/2020,1181,14,6.714,17,1,0.429,11309.769,134.07,64.299,162.799,9.576,4.104,,,,,,,,,,,104423,306.48,42.2,18.601,10.799,,,273.67,12.26,,,,,80.58,
VIR,North America,United States Virgin Islands,9/8/2020,1190,9,7.286,17,0,0.286,11395.957,86.188,69.771,162.799,0,2.736,,,,,,,,,,,104423,306.48,42.2,18.601,10.799,,,273.67,12.26,,,,,80.58,
VIR,North America,United States Virgin Islands,9/9/2020,1191,1,6.857,18,1,0.429,11405.533,9.576,65.667,172.376,9.576,4.104,,,,,,,,,,,104423,306.48,42.2,18.601,10.799,,,273.67,12.26,,,,,80.58,
VIR,North America,United States Virgin Islands,9/10/2020,1197,6,7.571,18,0,0.429,11462.992,57.459,72.507,172.376,0,4.104,,,,,,,,,,,104423,306.48,42.2,18.601,10.799,,,273.67,12.26,,,,,80.58,
VIR,North America,United States Virgin Islands,9/11/2020,1201,4,7.286,18,0,0.286,11501.298,38.306,69.771,172.376,0,2.736,,,,,,,,,,,104423,306.48,42.2,18.601,10.799,,,273.67,12.26,,,,,80.58,
VIR,North America,United States Virgin Islands,9/12/2020,1201,0,7.286,18,0,0.286,11501.298,0,69.771,172.376,0,2.736,,,,,,,,,,,104423,306.48,42.2,18.601,10.799,,,273.67,12.26,,,,,80.58,
VIR,North America,United States Virgin Islands,9/13/2020,1220,19,7.571,19,1,0.429,11683.25,181.952,72.507,181.952,9.576,4.104,,,,,,,,,,,104423,306.48,42.2,18.601,10.799,,,273.67,12.26,,,,,,
